0,0,465,0.051866
4,0,465,0.039596
9,0,465,0.042765
13,0,465,0.051687
18,0,465,0.064015
22,0,465,0.077654
27,0,465,0.091512
31,0,465,0.104544
36,0,465,0.115911
40,0,465,0.125145
45,0,465,0.132303
49,0,465,0.137663
54,0,465,0.14125
58,0,465,0.143252
63,0,465,0.143972
67,0,465,0.143855
72,0,465,0.143377
76,0,465,0.14333
81,0,465,0.140682
85,0,465,0.138081
89,0,465,0.138442
94,0,465,0.135711
98,0,465,0.133215
103,0,465,0.131497
107,0,465,0.128733
112,0,465,0.127178
116,0,465,0.125114
121,0,465,0.122735
125,0,465,0.120372
130,0,465,0.117983
134,0,465,0.115575
139,0,465,0.113157
143,0,465,0.110738
148,0,465,0.108322
152,0,465,0.10592
157,0,465,0.103537
161,0,465,0.101177
166,0,465,0.098846
170,0,465,0.096552
175,0,465,0.0943
179,0,465,0.092095
183,0,465,0.089941
188,0,465,0.087849
192,0,465,0.085818
197,0,465,0.08385
201,0,465,0.08195
206,0,465,0.080121
210,0,465,0.078369
215,0,465,0.076695
219,0,465,0.075104
224,0,465,0.0736
228,0,465,0.072181
233,0,465,0.070848
237,0,465,0.069598
242,0,465,0.06843
246,0,465,0.067345
251,0,465,0.066338
255,0,465,0.065403
260,0,465,0.06454
264,0,465,0.063746
268,0,465,0.06302
273,0,465,0.062357
277,0,465,0.061756
282,0,465,0.061206
286,0,465,0.060688
291,0,465,0.060198
295,0,465,0.059726
300,0,465,0.059268
304,0,465,0.058816
309,0,465,0.058367
313,0,465,0.057919
318,0,465,0.057467
322,0,465,0.057009
327,0,465,0.056541
331,0,465,0.056063
336,0,465,0.055572
340,0,465,0.055068
345,0,465,0.05455
349,0,465,0.054018
353,0,465,0.053471
358,0,465,0.052908
362,0,465,0.052331
367,0,465,0.051739
371,0,465,0.051133
376,0,465,0.050515
380,0,465,0.049883
385,0,465,0.04924
389,0,465,0.048588
394,0,465,0.047935
398,0,465,0.047297
403,0,465,0.046693
407,0,465,0.045991
412,0,465,0.044515
416,0,465,0.038704
421,0,465,0.027416
425,0,465,0.019898
0,0,456,0.054029
5,0,456,0.040548
9,0,456,0.043687
14,0,456,0.052504
18,0,456,0.064647
23,0,456,0.07807
28,0,456,0.091623
32,0,456,0.104399
37,0,456,0.115681
41,0,456,0.124991
46,0,456,0.132242
50,0,456,0.137589
55,0,456,0.141077
60,0,456,0.142958
64,0,456,0.143576
69,0,456,0.143401
73,0,456,0.1429
78,0,456,0.142626
83,0,456,0.140225
87,0,456,0.137905
92,0,456,0.137545
96,0,456,0.135033
101,0,456,0.132707
106,0,456,0.130677
110,0,456,0.128168
115,0,456,0.126361
119,0,456,0.124191
124,0,456,0.121801
128,0,456,0.119406
133,0,456,0.116981
138,0,456,0.114535
142,0,456,0.112081
147,0,456,0.109629
151,0,456,0.107184
156,0,456,0.104755
161,0,456,0.102349
165,0,456,0.099969
170,0,456,0.097623
174,0,456,0.095316
179,0,456,0.093055
183,0,456,0.090843
188,0,456,0.088687
193,0,456,0.086595
197,0,456,0.084568
202,0,456,0.082607
206,0,456,0.080716
211,0,456,0.078902
216,0,456,0.077167
220,0,456,0.075514
225,0,456,0.073947
229,0,456,0.072471
234,0,456,0.071083
239,0,456,0.069781
243,0,456,0.068563
248,0,456,0.067431
252,0,456,0.066385
257,0,456,0.065419
261,0,456,0.064531
266,0,456,0.063722
271,0,456,0.062983
275,0,456,0.062308
280,0,456,0.06169
284,0,456,0.061127
289,0,456,0.060604
294,0,456,0.060108
298,0,456,0.059634
303,0,456,0.059174
307,0,456,0.058723
312,0,456,0.058276
317,0,456,0.05783
321,0,456,0.05738
326,0,456,0.056924
330,0,456,0.056456
335,0,456,0.055977
339,0,456,0.055484
344,0,456,0.054978
349,0,456,0.054456
353,0,456,0.053918
358,0,456,0.053365
362,0,456,0.052795
367,0,456,0.052209
372,0,456,0.051607
376,0,456,0.05099
381,0,456,0.050361
385,0,456,0.04972
390,0,456,0.049066
394,0,456,0.0484
399,0,456,0.047724
404,0,456,0.047049
408,0,456,0.046395
413,0,456,0.045757
417,0,456,0.044917
422,0,456,0.043069
427,0,456,0.037023
431,0,456,0.027112
436,0,456,0.021261
0,0,446,0.056162
5,0,446,0.042792
9,0,446,0.045903
14,0,446,0.054446
19,0,446,0.065852
23,0,446,0.078246
28,0,446,0.090744
33,0,446,0.102775
38,0,446,0.113851
42,0,446,0.123444
47,0,446,0.13112
52,0,446,0.136733
56,0,446,0.140344
61,0,446,0.142287
66,0,446,0.142931
70,0,446,0.142747
75,0,446,0.1422
80,0,446,0.141701
85,0,446,0.139718
89,0,446,0.137218
94,0,446,0.136303
99,0,446,0.134138
103,0,446,0.131439
108,0,446,0.129452
113,0,446,0.127179
117,0,446,0.124974
122,0,446,0.122641
127,0,446,0.120206
132,0,446,0.117737
136,0,446,0.115233
141,0,446,0.112711
146,0,446,0.110189
150,0,446,0.107676
155,0,446,0.105178
160,0,446,0.102703
164,0,446,0.100257
169,0,446,0.097845
174,0,446,0.095472
179,0,446,0.093146
183,0,446,0.090871
188,0,446,0.088653
193,0,446,0.086498
197,0,446,0.084413
202,0,446,0.0824
207,0,446,0.080461
211,0,446,0.0786
216,0,446,0.076822
221,0,446,0.07513
226,0,446,0.073527
230,0,446,0.072016
235,0,446,0.070601
240,0,446,0.069279
244,0,446,0.068044
249,0,446,0.066896
254,0,446,0.065837
258,0,446,0.064866
263,0,446,0.063978
268,0,446,0.063176
273,0,446,0.062454
277,0,446,0.061797
282,0,446,0.061196
287,0,446,0.060641
291,0,446,0.060127
296,0,446,0.05964
301,0,446,0.05917
305,0,446,0.058712
310,0,446,0.05826
315,0,446,0.05781
320,0,446,0.057358
324,0,446,0.056899
329,0,446,0.056432
334,0,446,0.05595
338,0,446,0.055454
343,0,446,0.054942
348,0,446,0.054415
352,0,446,0.05387
357,0,446,0.053306
362,0,446,0.052726
367,0,446,0.052127
371,0,446,0.051511
376,0,446,0.050879
381,0,446,0.05023
385,0,446,0.049568
390,0,446,0.048895
395,0,446,0.048211
399,0,446,0.047514
404,0,446,0.046807
409,0,446,0.046094
414,0,446,0.045389
418,0,446,0.044699
423,0,446,0.043936
428,0,446,0.042764
432,0,446,0.04031
437,0,446,0.034611
442,0,446,0.026543
446,0,446,0.020924
0,0,437,0.059185
5,0,437,0.04561
10,0,437,0.048492
14,0,437,0.056437
19,0,437,0.066672
24,0,437,0.07758
29,0,437,0.088642
34,0,437,0.099619
38,0,437,0.11029
43,0,437,0.120155
48,0,437,0.128475
53,0,437,0.134725
58,0,437,0.138875
63,0,437,0.141275
67,0,437,0.142214
72,0,437,0.142138
77,0,437,0.14155
82,0,437,0.140935
87,0,437,0.138995
91,0,437,0.136616
96,0,437,0.135476
101,0,437,0.133136
106,0,437,0.130392
111,0,437,0.128413
115,0,437,0.126124
120,0,437,0.123685
125,0,437,0.121213
130,0,437,0.118697
135,0,437,0.116143
140,0,437,0.113558
144,0,437,0.110964
149,0,437,0.108377
154,0,437,0.10581
159,0,437,0.103264
164,0,437,0.100747
168,0,437,0.098266
173,0,437,0.095829
178,0,437,0.09344
183,0,437,0.091102
188,0,437,0.088825
192,0,437,0.086612
197,0,437,0.08447
202,0,437,0.082404
207,0,437,0.08042
212,0,437,0.078518
217,0,437,0.076701
221,0,437,0.074974
226,0,437,0.073341
231,0,437,0.0718
236,0,437,0.070357
241,0,437,0.069015
245,0,437,0.067769
250,0,437,0.066616
255,0,437,0.065553
260,0,437,0.064578
265,0,437,0.063687
269,0,437,0.062878
274,0,437,0.062154
279,0,437,0.061501
284,0,437,0.060903
289,0,437,0.06035
294,0,437,0.059833
298,0,437,0.059345
303,0,437,0.058873
308,0,437,0.058411
313,0,437,0.057953
318,0,437,0.057495
322,0,437,0.057031
327,0,437,0.056557
332,0,437,0.056071
337,0,437,0.055571
342,0,437,0.055054
346,0,437,0.05452
351,0,437,0.053968
356,0,437,0.053398
361,0,437,0.052808
366,0,437,0.0522
371,0,437,0.051574
375,0,437,0.050929
380,0,437,0.050268
385,0,437,0.049591
390,0,437,0.048899
395,0,437,0.048196
399,0,437,0.047483
404,0,437,0.046757
409,0,437,0.046022
414,0,437,0.04528
419,0,437,0.044541
423,0,437,0.04381
428,0,437,0.043046
433,0,437,0.042089
438,0,437,0.040571
443,0,437,0.037814
448,0,437,0.032481
452,0,437,0.024447
457,0,437,0.018781
0,0,428,0.062343
5,0,428,0.048321
10,0,428,0.050848
15,0,428,0.058135
20,0,428,0.06748
25,0,428,0.077296
30,0,428,0.087072
34,0,428,0.096891
39,0,428,0.106849
44,0,428,0.116592
49,0,428,0.125277
54,0,428,0.132083
59,0,428,0.136757
64,0,428,0.139631
69,0,428,0.140954
74,0,428,0.141097
79,0,428,0.140575
84,0,428,0.13971
89,0,428,0.138076
94,0,428,0.136032
98,0,428,0.134337
103,0,428,0.132046
108,0,428,0.129498
113,0,428,0.127246
118,0,428,0.124813
123,0,428,0.122258
128,0,428,0.119676
133,0,428,0.117064
138,0,428,0.114423
143,0,428,0.111767
148,0,428,0.109114
153,0,428,0.106478
158,0,428,0.103863
163,0,428,0.101276
167,0,428,0.098723
172,0,428,0.096215
177,0,428,0.093758
182,0,428,0.091357
187,0,428,0.089017
192,0,428,0.086744
197,0,428,0.084544
202,0,428,0.082423
207,0,428,0.080387
212,0,428,0.078438
217,0,428,0.07658
222,0,428,0.074814
227,0,428,0.073146
231,0,428,0.071576
236,0,428,0.070104
241,0,428,0.068734
246,0,428,0.067468
251,0,428,0.066306
256,0,428,0.065246
261,0,428,0.064277
266,0,428,0.063394
271,0,428,0.062589
276,0,428,0.06186
281,0,428,0.061204
286,0,428,0.060608
291,0,428,0.060056
295,0,428,0.059538
300,0,428,0.059046
305,0,428,0.058572
310,0,428,0.058107
315,0,428,0.057644
320,0,428,0.05718
325,0,428,0.056708
330,0,428,0.056224
335,0,428,0.055726
340,0,428,0.055211
345,0,428,0.054677
350,0,428,0.054125
355,0,428,0.053552
360,0,428,0.052959
364,0,428,0.052347
369,0,428,0.051713
374,0,428,0.051062
379,0,428,0.050391
384,0,428,0.049703
389,0,428,0.048999
394,0,428,0.048281
399,0,428,0.047549
404,0,428,0.046807
409,0,428,0.046054
414,0,428,0.045292
419,0,428,0.044522
424,0,428,0.04375
428,0,428,0.04298
433,0,428,0.042196
438,0,428,0.041315
443,0,428,0.040139
448,0,428,0.038335
453,0,428,0.035437
458,0,428,0.030567
463,0,428,0.023226
468,0,428,0.01784
0,0,419,0.064956
5,0,419,0.050534
10,0,419,0.052835
15,0,419,0.05969
20,0,419,0.068551
25,0,419,0.077744
30,0,419,0.086666
35,0,419,0.095527
40,0,419,0.10461
45,0,419,0.113772
50,0,419,0.122305
55,0,419,0.129328
60,0,419,0.134342
65,0,419,0.1376
71,0,419,0.139331
76,0,419,0.139789
81,0,419,0.139436
86,0,419,0.138539
91,0,419,0.13706
96,0,419,0.135167
101,0,419,0.133229
106,0,419,0.130958
111,0,419,0.128477
116,0,419,0.126029
121,0,419,0.123478
126,0,419,0.120847
131,0,419,0.118179
136,0,419,0.11548
141,0,419,0.112763
146,0,419,0.110042
151,0,419,0.107335
156,0,419,0.104646
161,0,419,0.10198
166,0,419,0.099349
171,0,419,0.096763
176,0,419,0.094235
181,0,419,0.091767
186,0,419,0.089361
191,0,419,0.087025
196,0,419,0.084763
202,0,419,0.082581
207,0,419,0.080486
212,0,419,0.078483
217,0,419,0.076575
222,0,419,0.074765
227,0,419,0.073055
232,0,419,0.071448
237,0,419,0.069947
242,0,419,0.068554
247,0,419,0.067269
252,0,419,0.066088
257,0,419,0.065015
262,0,419,0.064044
267,0,419,0.06316
272,0,419,0.062356
277,0,419,0.061623
282,0,419,0.060956
287,0,419,0.060349
292,0,419,0.05979
297,0,419,0.059266
302,0,419,0.058768
307,0,419,0.058288
312,0,419,0.057818
317,0,419,0.05735
322,0,419,0.056879
327,0,419,0.056398
332,0,419,0.055905
338,0,419,0.055396
343,0,419,0.054867
348,0,419,0.054317
353,0,419,0.053747
358,0,419,0.053155
363,0,419,0.052541
368,0,419,0.051905
373,0,419,0.051249
378,0,419,0.050572
383,0,419,0.049877
388,0,419,0.049164
393,0,419,0.048434
398,0,419,0.04769
403,0,419,0.046933
408,0,419,0.046164
413,0,419,0.045385
418,0,419,0.044597
423,0,419,0.043802
428,0,419,0.043002
433,0,419,0.042201
438,0,419,0.04139
443,0,419,0.04053
448,0,419,0.039508
453,0,419,0.038129
458,0,419,0.036136
463,0,419,0.033237
468,0,419,0.028867
474,0,419,0.022382
479,0,419,0.017839
0,0,409,0.067133
5,0,409,0.052444
10,0,409,0.054692
15,0,409,0.06128
21,0,409,0.069795
26,0,409,0.078621
31,0,409,0.087102
36,0,409,0.095339
41,0,409,0.103624
46,0,409,0.111976
52,0,409,0.119949
57,0,409,0.126828
62,0,409,0.132007
67,0,409,0.135531
72,0,409,0.13758
77,0,409,0.138334
82,0,409,0.138157
88,0,409,0.137309
93,0,409,0.135918
98,0,409,0.134115
103,0,409,0.132095
108,0,409,0.129827
113,0,409,0.127351
118,0,409,0.124787
124,0,409,0.122147
129,0,409,0.119449
134,0,409,0.116709
139,0,409,0.113942
144,0,409,0.111163
149,0,409,0.108386
155,0,409,0.105621
160,0,409,0.102878
165,0,409,0.100166
170,0,409,0.097495
175,0,409,0.094881
180,0,409,0.092334
185,0,409,0.089853
191,0,409,0.087444
196,0,409,0.085113
201,0,409,0.082867
206,0,409,0.080709
211,0,409,0.078646
216,0,409,0.076683
221,0,409,0.074824
227,0,409,0.073071
232,0,409,0.071425
237,0,409,0.069888
242,0,409,0.068464
247,0,409,0.067155
252,0,409,0.065956
258,0,409,0.06486
263,0,409,0.063865
268,0,409,0.062964
273,0,409,0.062147
278,0,409,0.061404
283,0,409,0.060725
288,0,409,0.060105
294,0,409,0.059536
299,0,409,0.059007
304,0,409,0.058504
309,0,409,0.058019
314,0,409,0.057544
319,0,409,0.057071
324,0,409,0.056594
330,0,409,0.056106
335,0,409,0.055604
340,0,409,0.055083
345,0,409,0.054542
350,0,409,0.053978
355,0,409,0.05339
361,0,409,0.052779
366,0,409,0.052145
371,0,409,0.051488
376,0,409,0.050808
381,0,409,0.050109
386,0,409,0.049389
391,0,409,0.048651
397,0,409,0.047897
402,0,409,0.047128
407,0,409,0.046346
412,0,409,0.045552
417,0,409,0.044748
422,0,409,0.043936
427,0,409,0.043117
433,0,409,0.042292
438,0,409,0.041464
443,0,409,0.040628
448,0,409,0.039765
453,0,409,0.038813
458,0,409,0.037652
464,0,409,0.036119
469,0,409,0.034045
474,0,409,0.031258
479,0,409,0.027339
484,0,409,0.021227
489,0,409,0.015891
0,0,400,0.068862
5,0,400,0.054043
11,0,400,0.05642
16,0,400,0.062967
21,0,400,0.071303
26,0,400,0.079886
32,0,400,0.088079
37,0,400,0.095908
42,0,400,0.103589
47,0,400,0.111173
53,0,400,0.118424
58,0,400,0.124876
63,0,400,0.129968
68,0,400,0.133566
74,0,400,0.135804
79,0,400,0.136773
84,0,400,0.136736
89,0,400,0.135975
95,0,400,0.134658
100,0,400,0.132915
105,0,400,0.130884
111,0,400,0.128612
116,0,400,0.126115
121,0,400,0.123487
126,0,400,0.120784
132,0,400,0.118025
137,0,400,0.115223
142,0,400,0.112397
147,0,400,0.109566
153,0,400,0.10674
158,0,400,0.10393
163,0,400,0.101148
168,0,400,0.098404
174,0,400,0.095708
179,0,400,0.093073
184,0,400,0.090508
189,0,400,0.088018
195,0,400,0.08561
200,0,400,0.08329
205,0,400,0.081064
211,0,400,0.078937
216,0,400,0.076912
221,0,400,0.074996
226,0,400,0.073192
232,0,400,0.071502
237,0,400,0.069924
242,0,400,0.068461
247,0,400,0.067112
253,0,400,0.065877
258,0,400,0.06475
263,0,400,0.063725
268,0,400,0.062796
274,0,400,0.061957
279,0,400,0.061198
284,0,400,0.060509
289,0,400,0.059881
295,0,400,0.059303
300,0,400,0.058766
305,0,400,0.058258
311,0,400,0.057768
316,0,400,0.057288
321,0,400,0.056811
326,0,400,0.056327
332,0,400,0.055833
337,0,400,0.055323
342,0,400,0.054792
347,0,400,0.054239
353,0,400,0.053662
358,0,400,0.05306
363,0,400,0.052431
368,0,400,0.051778
374,0,400,0.051101
379,0,400,0.050399
384,0,400,0.049675
389,0,400,0.048933
395,0,400,0.048171
400,0,400,0.047392
405,0,400,0.046599
410,0,400,0.045792
416,0,400,0.044974
421,0,400,0.044147
426,0,400,0.043311
432,0,400,0.042468
437,0,400,0.041621
442,0,400,0.040769
447,0,400,0.039911
453,0,400,0.039036
458,0,400,0.038112
463,0,400,0.037067
468,0,400,0.035792
474,0,400,0.034169
479,0,400,0.032102
484,0,400,0.029503
489,0,400,0.025946
495,0,400,0.019628
500,0,400,0.01475
0,0,391,0.070194
5,0,391,0.055337
11,0,391,0.057945
16,0,391,0.064599
22,0,391,0.072905
27,0,391,0.081381
32,0,391,0.089397
38,0,391,0.096947
43,0,391,0.104176
48,0,391,0.111127
54,0,391,0.117676
59,0,391,0.123559
65,0,391,0.128345
70,0,391,0.131845
75,0,391,0.134141
81,0,391,0.135216
86,0,391,0.135264
91,0,391,0.134577
97,0,391,0.133315
102,0,391,0.131615
108,0,391,0.129598
113,0,391,0.127318
118,0,391,0.124796
124,0,391,0.122131
129,0,391,0.119383
134,0,391,0.116574
140,0,391,0.113721
145,0,391,0.110847
151,0,391,0.107971
156,0,391,0.105104
161,0,391,0.102256
167,0,391,0.099442
172,0,391,0.096672
177,0,391,0.093957
183,0,391,0.09131
188,0,391,0.088739
194,0,391,0.086251
199,0,391,0.083854
204,0,391,0.081553
210,0,391,0.079354
215,0,391,0.077262
220,0,391,0.075281
226,0,391,0.073413
231,0,391,0.071665
237,0,391,0.070035
242,0,391,0.068522
247,0,391,0.067127
253,0,391,0.065848
258,0,391,0.064681
263,0,391,0.063622
269,0,391,0.062662
274,0,391,0.061797
280,0,391,0.061019
285,0,391,0.060317
290,0,391,0.059678
296,0,391,0.059091
301,0,391,0.058545
306,0,391,0.058028
312,0,391,0.057533
317,0,391,0.057048
323,0,391,0.056565
328,0,391,0.056077
333,0,391,0.055577
339,0,391,0.055061
344,0,391,0.054522
349,0,391,0.053959
355,0,391,0.05337
360,0,391,0.052755
366,0,391,0.052112
371,0,391,0.05144
376,0,391,0.050744
382,0,391,0.050022
387,0,391,0.049277
392,0,391,0.048511
398,0,391,0.047725
403,0,391,0.046923
409,0,391,0.046105
414,0,391,0.045274
419,0,391,0.044433
425,0,391,0.043582
430,0,391,0.042724
435,0,391,0.041858
441,0,391,0.040988
446,0,391,0.040115
452,0,391,0.039237
457,0,391,0.038347
462,0,391,0.03743
468,0,391,0.036444
473,0,391,0.035318
478,0,391,0.033966
484,0,391,0.032312
489,0,391,0.030314
495,0,391,0.027931
500,0,391,0.024715
505,0,391,0.019474
511,0,391,0.015599
0,0,381,0.07118
5,0,381,0.056344
11,0,381,0.059241
16,0,381,0.066095
22,0,381,0.07448
27,0,381,0.082955
33,0,381,0.090888
38,0,381,0.098254
44,0,381,0.105152
49,0,381,0.111597
55,0,381,0.11753
60,0,381,0.122819
66,0,381,0.127173
71,0,381,0.130443
77,0,381,0.132655
82,0,381,0.133725
88,0,381,0.133801
93,0,381,0.133154
99,0,381,0.131924
104,0,381,0.13025
110,0,381,0.128247
115,0,381,0.125957
121,0,381,0.123415
126,0,381,0.120727
132,0,381,0.117944
137,0,381,0.115094
143,0,381,0.112199
148,0,381,0.109285
154,0,381,0.106371
159,0,381,0.103467
165,0,381,0.100588
170,0,381,0.097749
176,0,381,0.094961
181,0,381,0.092235
187,0,381,0.089583
192,0,381,0.087014
198,0,381,0.084536
203,0,381,0.082155
209,0,381,0.079879
214,0,381,0.077711
220,0,381,0.075656
225,0,381,0.07372
230,0,381,0.071904
236,0,381,0.070211
241,0,381,0.068642
247,0,381,0.067194
252,0,381,0.065868
258,0,381,0.064658
263,0,381,0.063559
269,0,381,0.062565
274,0,381,0.061669
280,0,381,0.060866
285,0,381,0.060146
291,0,381,0.059494
296,0,381,0.058895
302,0,381,0.058339
307,0,381,0.057815
313,0,381,0.057313
318,0,381,0.056824
324,0,381,0.056338
329,0,381,0.055846
335,0,381,0.055342
340,0,381,0.054819
346,0,381,0.054275
351,0,381,0.053704
357,0,381,0.053104
362,0,381,0.052476
368,0,381,0.051819
373,0,381,0.051133
379,0,381,0.050418
384,0,381,0.049677
390,0,381,0.048912
395,0,381,0.048124
401,0,381,0.047316
406,0,381,0.04649
412,0,381,0.045648
417,0,381,0.044793
423,0,381,0.043928
428,0,381,0.043054
434,0,381,0.042174
439,0,381,0.041288
445,0,381,0.040396
450,0,381,0.039502
456,0,381,0.038604
461,0,381,0.0377
466,0,381,0.036779
472,0,381,0.035819
477,0,381,0.034777
483,0,381,0.033591
488,0,381,0.032199
494,0,381,0.030557
499,0,381,0.028656
505,0,381,0.026464
510,0,381,0.023509
516,0,381,0.018622
521,0,381,0.014386
0,0,372,0.071895
6,0,372,0.057111
11,0,372,0.060322
17,0,372,0.067437
22,0,372,0.07597
28,0,372,0.084518
34,0,372,0.092446
39,0,372,0.099705
45,0,372,0.106354
50,0,372,0.11239
56,0,372,0.117801
62,0,372,0.122531
67,0,372,0.126414
73,0,372,0.129366
78,0,372,0.131379
84,0,372,0.132348
90,0,372,0.132388
95,0,372,0.131738
101,0,372,0.130516
106,0,372,0.128852
112,0,372,0.126851
118,0,372,0.124545
123,0,372,0.121985
129,0,372,0.119279
134,0,372,0.116468
140,0,372,0.113583
146,0,372,0.110655
151,0,372,0.107708
157,0,372,0.10476
162,0,372,0.101825
168,0,372,0.098922
174,0,372,0.096064
179,0,372,0.093264
185,0,372,0.090534
190,0,372,0.087884
196,0,372,0.085324
202,0,372,0.082861
207,0,372,0.080503
213,0,372,0.078256
218,0,372,0.076124
224,0,372,0.074112
230,0,372,0.072225
235,0,372,0.070462
241,0,372,0.068827
246,0,372,0.06732
252,0,372,0.065938
258,0,372,0.064681
263,0,372,0.063539
269,0,372,0.062506
274,0,372,0.061576
280,0,372,0.060742
286,0,372,0.059999
291,0,372,0.05933
297,0,372,0.058718
302,0,372,0.05815
308,0,372,0.057619
314,0,372,0.057112
319,0,372,0.056618
325,0,372,0.056129
330,0,372,0.055634
336,0,372,0.055126
342,0,372,0.054599
347,0,372,0.054049
353,0,372,0.053471
358,0,372,0.052862
364,0,372,0.052222
370,0,372,0.051552
375,0,372,0.050852
381,0,372,0.050122
386,0,372,0.049363
392,0,372,0.048578
398,0,372,0.04777
403,0,372,0.046941
409,0,372,0.046092
414,0,372,0.045228
420,0,372,0.04435
426,0,372,0.043461
431,0,372,0.042564
437,0,372,0.041662
442,0,372,0.040756
448,0,372,0.039843
454,0,372,0.038928
459,0,372,0.038012
465,0,372,0.037092
470,0,372,0.036162
476,0,372,0.035211
482,0,372,0.034214
487,0,372,0.033128
493,0,372,0.031904
498,0,372,0.0305
504,0,372,0.028898
510,0,372,0.027103
515,0,372,0.025077
521,0,372,0.022303
526,0,372,0.017299
532,0,372,0.013373
0,0,363,0.072414
6,0,363,0.057695
11,0,363,0.061225
17,0,363,0.06863
23,0,363,0.07735
29,0,363,0.086022
34,0,363,0.09401
40,0,363,0.10122
46,0,363,0.107673
51,0,363,0.113369
57,0,363,0.118344
63,0,363,0.122573
69,0,363,0.125992
74,0,363,0.12858
80,0,363,0.13032
86,0,363,0.13111
91,0,363,0.131048
97,0,363,0.130354
103,0,363,0.129114
109,0,363,0.127444
114,0,363,0.125433
120,0,363,0.123103
126,0,363,0.120521
131,0,363,0.117795
137,0,363,0.114958
143,0,363,0.112046
149,0,363,0.10909
154,0,363,0.106114
160,0,363,0.103137
166,0,363,0.100179
171,0,363,0.097258
177,0,363,0.094388
183,0,363,0.091581
189,0,363,0.088852
194,0,363,0.08621
200,0,363,0.083665
206,0,363,0.081223
211,0,363,0.078893
217,0,363,0.07668
223,0,363,0.074588
229,0,363,0.072624
234,0,363,0.070789
240,0,363,0.069083
246,0,363,0.067509
251,0,363,0.066066
257,0,363,0.064751
263,0,363,0.063561
269,0,363,0.062486
274,0,363,0.061519
280,0,363,0.060652
286,0,363,0.059878
291,0,363,0.059188
297,0,363,0.058562
303,0,363,0.057983
309,0,363,0.057442
314,0,363,0.056929
320,0,363,0.056431
326,0,363,0.055937
331,0,363,0.05544
337,0,363,0.05493
343,0,363,0.054399
349,0,363,0.053844
354,0,363,0.053259
360,0,363,0.052643
366,0,363,0.051994
371,0,363,0.051311
377,0,363,0.050597
383,0,363,0.049854
389,0,363,0.049079
394,0,363,0.048276
400,0,363,0.047449
406,0,363,0.046599
411,0,363,0.045729
417,0,363,0.044843
423,0,363,0.043943
428,0,363,0.043032
434,0,363,0.042113
440,0,363,0.041189
446,0,363,0.040261
451,0,363,0.039329
457,0,363,0.038394
463,0,363,0.037459
468,0,363,0.036522
474,0,363,0.035582
480,0,363,0.03463
486,0,363,0.033653
491,0,363,0.032624
497,0,363,0.031509
503,0,363,0.030267
508,0,363,0.028872
514,0,363,0.027324
520,0,363,0.025632
526,0,363,0.023746
531,0,363,0.021138
537,0,363,0.01644
543,0,363,0.012337
0,0,353,0.072795
6,0,353,0.058149
12,0,353,0.06199
17,0,353,0.069694
23,0,353,0.07863
29,0,353,0.087458
35,0,353,0.095541
41,0,353,0.102738
47,0,353,0.109033
52,0,353,0.114445
58,0,353,0.119051
64,0,353,0.122843
70,0,353,0.125826
76,0,353,0.128036
82,0,353,0.129464
87,0,353,0.130012
93,0,353,0.129795
99,0,353,0.129023
105,0,353,0.12774
111,0,353,0.126047
117,0,353,0.124009
122,0,353,0.121644
128,0,353,0.119037
134,0,353,0.116286
140,0,353,0.113424
146,0,353,0.110488
151,0,353,0.107506
157,0,353,0.104505
163,0,353,0.101506
169,0,353,0.09853
175,0,353,0.095598
181,0,353,0.092721
186,0,353,0.089914
192,0,353,0.087192
198,0,353,0.084563
204,0,353,0.082037
210,0,353,0.079621
216,0,353,0.077324
221,0,353,0.07515
227,0,353,0.073104
233,0,353,0.071189
239,0,353,0.06941
245,0,353,0.067764
251,0,353,0.066253
256,0,353,0.064876
262,0,353,0.063629
268,0,353,0.062506
274,0,353,0.061497
280,0,353,0.060594
285,0,353,0.059788
291,0,353,0.059071
297,0,353,0.058427
303,0,353,0.057835
309,0,353,0.057284
315,0,353,0.056762
320,0,353,0.056259
326,0,353,0.055763
332,0,353,0.055263
338,0,353,0.054751
344,0,353,0.054218
350,0,353,0.053659
355,0,353,0.053069
361,0,353,0.052447
367,0,353,0.051789
373,0,353,0.051097
379,0,353,0.05037
385,0,353,0.049612
390,0,353,0.048823
396,0,353,0.048004
402,0,353,0.047159
408,0,353,0.04629
414,0,353,0.0454
419,0,353,0.044492
425,0,353,0.04357
431,0,353,0.042638
437,0,353,0.041698
443,0,353,0.040753
449,0,353,0.039804
454,0,353,0.038852
460,0,353,0.037898
466,0,353,0.036944
472,0,353,0.03599
478,0,353,0.035037
484,0,353,0.034079
489,0,353,0.033108
495,0,353,0.03211
501,0,353,0.03106
507,0,353,0.029926
513,0,353,0.028681
519,0,353,0.027311
524,0,353,0.025823
530,0,353,0.024225
536,0,353,0.022451
542,0,353,0.019979
548,0,353,0.015426
553,0,353,0.009186
0,0,344,0.07308
6,0,344,0.058514
12,0,344,0.062646
18,0,344,0.070654
24,0,344,0.079843
30,0,344,0.088842
36,0,344,0.097017
42,0,344,0.104209
48,0,344,0.110379
53,0,344,0.115557
59,0,344,0.119846
65,0,344,0.123256
71,0,344,0.125843
77,0,344,0.127686
83,0,344,0.128773
89,0,344,0.129038
95,0,344,0.128643
101,0,344,0.127764
107,0,344,0.126412
113,0,344,0.124673
119,0,344,0.122588
125,0,344,0.120178
131,0,344,0.117541
137,0,344,0.114762
143,0,344,0.111875
148,0,344,0.108914
154,0,344,0.105907
160,0,344,0.102884
166,0,344,0.099869
172,0,344,0.096883
178,0,344,0.093944
184,0,344,0.091066
190,0,344,0.088265
196,0,344,0.085554
202,0,344,0.082944
208,0,344,0.080442
214,0,344,0.078058
220,0,344,0.075798
226,0,344,0.073667
232,0,344,0.07167
238,0,344,0.06981
243,0,344,0.068089
249,0,344,0.066505
255,0,344,0.06506
261,0,344,0.06375
267,0,344,0.06257
273,0,344,0.061513
279,0,344,0.060569
285,0,344,0.059728
291,0,344,0.058981
297,0,344,0.058314
303,0,344,0.057706
309,0,344,0.057143
315,0,344,0.056612
321,0,344,0.056102
327,0,344,0.055603
333,0,344,0.055102
338,0,344,0.054589
344,0,344,0.054055
350,0,344,0.053494
356,0,344,0.052901
362,0,344,0.052273
368,0,344,0.051609
374,0,344,0.050908
380,0,344,0.050171
386,0,344,0.049399
392,0,344,0.048595
398,0,344,0.047762
404,0,344,0.0469
410,0,344,0.046012
416,0,344,0.045103
422,0,344,0.044175
428,0,344,0.043232
434,0,344,0.042279
439,0,344,0.041319
445,0,344,0.040354
451,0,344,0.039384
457,0,344,0.038412
463,0,344,0.037439
469,0,344,0.036466
475,0,344,0.035496
481,0,344,0.034528
487,0,344,0.03356
493,0,344,0.032588
499,0,344,0.031603
505,0,344,0.03059
511,0,344,0.029525
517,0,344,0.028384
523,0,344,0.027149
529,0,344,0.025813
534,0,344,0.024385
540,0,344,0.022869
546,0,344,0.021192
552,0,344,0.018861
558,0,344,0.014791
564,0,344,0.00855
0,0,335,0.073299
6,0,335,0.05882
12,0,335,0.063224
18,0,335,0.071536
24,0,335,0.08101
30,0,335,0.090176
36,0,335,0.098425
42,0,335,0.105611
48,0,335,0.111679
54,0,335,0.116667
61,0,335,0.120679
67,0,335,0.123753
73,0,335,0.125987
79,0,335,0.127496
85,0,335,0.128206
91,0,335,0.128156
97,0,335,0.127603
103,0,335,0.126589
109,0,335,0.125142
115,0,335,0.123331
121,0,335,0.121176
127,0,335,0.118708
133,0,335,0.116036
139,0,335,0.113227
145,0,335,0.110315
151,0,335,0.10733
157,0,335,0.104302
163,0,335,0.101262
169,0,335,0.098235
175,0,335,0.095241
182,0,335,0.0923
188,0,335,0.089426
194,0,335,0.086635
200,0,335,0.083942
206,0,335,0.081355
212,0,335,0.078882
218,0,335,0.076534
224,0,335,0.074315
230,0,335,0.072232
236,0,335,0.070287
242,0,335,0.068484
248,0,335,0.066825
254,0,335,0.065306
260,0,335,0.063928
266,0,335,0.062686
272,0,335,0.061573
278,0,335,0.06058
284,0,335,0.059698
290,0,335,0.058917
297,0,335,0.058224
303,0,335,0.057598
309,0,335,0.05702
315,0,335,0.056479
321,0,335,0.055962
327,0,335,0.055458
333,0,335,0.054955
339,0,335,0.054441
345,0,335,0.053908
351,0,335,0.053347
357,0,335,0.052752
363,0,335,0.052122
369,0,335,0.051453
375,0,335,0.050744
381,0,335,0.049998
387,0,335,0.049215
393,0,335,0.048397
399,0,335,0.047549
405,0,335,0.046672
411,0,335,0.045767
418,0,335,0.044839
424,0,335,0.043891
430,0,335,0.042929
436,0,335,0.041956
442,0,335,0.040976
448,0,335,0.03999
454,0,335,0.039
460,0,335,0.038007
466,0,335,0.037015
472,0,335,0.036025
478,0,335,0.035037
484,0,335,0.034054
490,0,335,0.033075
496,0,335,0.032096
502,0,335,0.031114
508,0,335,0.030119
514,0,335,0.029096
520,0,335,0.028025
526,0,335,0.026886
532,0,335,0.025669
539,0,335,0.024372
545,0,335,0.023002
551,0,335,0.021559
557,0,335,0.019968
563,0,335,0.017748
569,0,335,0.013545
575,0,335,0.010013
0,0,326,0.073471
6,0,326,0.059089
12,0,326,0.063766
18,0,326,0.072378
25,0,326,0.082129
31,0,326,0.091448
37,0,326,0.099762
43,0,326,0.106943
49,0,326,0.112924
55,0,326,0.117751
62,0,326,0.121517
68,0,326,0.124291
74,0,326,0.126211
80,0,326,0.127398
86,0,326,0.127727
92,0,326,0.127393
99,0,326,0.126669
105,0,326,0.125498
111,0,326,0.123934
117,0,326,0.122024
123,0,326,0.119775
129,0,326,0.117241
136,0,326,0.114529
142,0,326,0.111687
148,0,326,0.108748
154,0,326,0.10574
160,0,326,0.102693
166,0,326,0.09964
173,0,326,0.096605
179,0,326,0.093608
185,0,326,0.090669
191,0,326,0.087804
197,0,326,0.085029
203,0,326,0.082358
210,0,326,0.079798
216,0,326,0.07736
222,0,326,0.075051
228,0,326,0.072878
234,0,326,0.070846
240,0,326,0.068957
247,0,326,0.067214
253,0,326,0.065618
259,0,326,0.064167
265,0,326,0.062857
271,0,326,0.061683
277,0,326,0.060636
284,0,326,0.059705
290,0,326,0.058882
296,0,326,0.058158
302,0,326,0.05751
308,0,326,0.056917
314,0,326,0.056363
321,0,326,0.055837
327,0,326,0.055328
333,0,326,0.054823
339,0,326,0.054309
345,0,326,0.053776
351,0,326,0.053216
357,0,326,0.052622
364,0,326,0.051989
370,0,326,0.051317
376,0,326,0.050604
382,0,326,0.04985
388,0,326,0.049057
394,0,326,0.048228
401,0,326,0.047366
407,0,326,0.046475
413,0,326,0.045554
419,0,326,0.044608
425,0,326,0.043642
431,0,326,0.04266
438,0,326,0.041668
444,0,326,0.040669
450,0,326,0.039663
456,0,326,0.038652
462,0,326,0.03764
468,0,326,0.036628
475,0,326,0.03562
481,0,326,0.034615
487,0,326,0.033616
493,0,326,0.032624
499,0,326,0.031636
505,0,326,0.03065
512,0,326,0.029661
518,0,326,0.02866
524,0,326,0.027632
530,0,326,0.026561
536,0,326,0.025434
542,0,326,0.024241
549,0,326,0.022984
555,0,326,0.021668
561,0,326,0.02029
567,0,326,0.018781
573,0,326,0.016685
579,0,326,0.012744
586,0,326,0.007441
0,0,316,0.073609
6,0,316,0.059335
13,0,316,0.064297
19,0,316,0.073188
25,0,316,0.083182
31,0,316,0.092649
38,0,316,0.101035
44,0,316,0.108215
50,0,316,0.114113
56,0,316,0.118795
63,0,316,0.122338
69,0,316,0.124843
75,0,316,0.126492
82,0,316,0.127322
88,0,316,0.127311
94,0,316,0.126756
100,0,316,0.125823
107,0,316,0.124484
113,0,316,0.122781
119,0,316,0.120748
126,0,316,0.118392
132,0,316,0.115787
138,0,316,0.113028
144,0,316,0.11015
151,0,316,0.107182
157,0,316,0.104149
163,0,316,0.101086
169,0,316,0.098022
176,0,316,0.094982
182,0,316,0.091986
188,0,316,0.089054
195,0,316,0.086202
201,0,316,0.083448
207,0,316,0.080803
213,0,316,0.078277
220,0,316,0.075877
226,0,316,0.073612
232,0,316,0.071488
239,0,316,0.069511
245,0,316,0.067681
251,0,316,0.066001
257,0,316,0.064471
264,0,316,0.063087
270,0,316,0.061846
276,0,316,0.060739
282,0,316,0.059755
289,0,316,0.058885
295,0,316,0.058121
301,0,316,0.057445
308,0,316,0.056833
314,0,316,0.056265
320,0,316,0.055729
326,0,316,0.055213
333,0,316,0.054704
339,0,316,0.054189
345,0,316,0.053657
351,0,316,0.053099
358,0,316,0.052506
364,0,316,0.051875
370,0,316,0.051202
377,0,316,0.050485
383,0,316,0.049726
389,0,316,0.048925
395,0,316,0.048086
402,0,316,0.047212
408,0,316,0.046306
414,0,316,0.045371
421,0,316,0.044409
427,0,316,0.043426
433,0,316,0.042426
439,0,316,0.041416
446,0,316,0.040397
452,0,316,0.039371
458,0,316,0.03834
464,0,316,0.037308
471,0,316,0.036278
477,0,316,0.035251
483,0,316,0.034229
490,0,316,0.033214
496,0,316,0.032207
502,0,316,0.031208
508,0,316,0.030215
515,0,316,0.029225
521,0,316,0.028232
527,0,316,0.027229
533,0,316,0.026202
540,0,316,0.025138
546,0,316,0.024026
552,0,316,0.022861
559,0,316,0.021644
565,0,316,0.02038
571,0,316,0.019063
577,0,316,0.017627
584,0,316,0.015633
590,0,316,0.011738
596,0,316,0.006048
0,0,307,0.073723
6,0,307,0.059569
13,0,307,0.064816
19,0,307,0.07396
26,0,307,0.084166
32,0,307,0.093783
38,0,307,0.102253
45,0,307,0.109432
51,0,307,0.11525
58,0,307,0.119794
64,0,307,0.123129
70,0,307,0.125389
77,0,307,0.126793
83,0,307,0.127262
89,0,307,0.126951
96,0,307,0.126197
102,0,307,0.12505
109,0,307,0.123537
115,0,307,0.121674
121,0,307,0.119499
128,0,307,0.117033
134,0,307,0.114355
141,0,307,0.111542
147,0,307,0.108623
153,0,307,0.105621
160,0,307,0.102564
166,0,307,0.099484
173,0,307,0.096412
179,0,307,0.093369
185,0,307,0.090378
192,0,307,0.087457
198,0,307,0.084624
204,0,307,0.081896
211,0,307,0.079282
217,0,307,0.076792
224,0,307,0.074434
230,0,307,0.072218
236,0,307,0.070147
243,0,307,0.068227
249,0,307,0.06646
256,0,307,0.064846
262,0,307,0.063382
268,0,307,0.062067
275,0,307,0.060894
281,0,307,0.059852
288,0,307,0.058929
294,0,307,0.058118
300,0,307,0.057406
307,0,307,0.056769
313,0,307,0.056184
319,0,307,0.055636
326,0,307,0.055112
332,0,307,0.054598
339,0,307,0.054082
345,0,307,0.053551
351,0,307,0.052995
358,0,307,0.052405
364,0,307,0.051776
371,0,307,0.051104
377,0,307,0.050386
383,0,307,0.049623
390,0,307,0.048817
396,0,307,0.04797
403,0,307,0.047085
409,0,307,0.046166
415,0,307,0.045218
422,0,307,0.044242
428,0,307,0.043242
434,0,307,0.042227
441,0,307,0.041198
447,0,307,0.04016
454,0,307,0.039115
460,0,307,0.038065
466,0,307,0.037013
473,0,307,0.035964
479,0,307,0.034919
486,0,307,0.033879
492,0,307,0.032848
498,0,307,0.031826
505,0,307,0.030813
511,0,307,0.02981
518,0,307,0.028814
524,0,307,0.027823
530,0,307,0.026831
537,0,307,0.025829
543,0,307,0.024807
549,0,307,0.023755
556,0,307,0.022663
562,0,307,0.021528
569,0,307,0.020352
575,0,307,0.019139
581,0,307,0.017879
588,0,307,0.016506
594,0,307,0.014597
601,0,307,0.010577
607,0,307,0.007253
0,0,298,0.073821
7,0,298,0.059795
13,0,298,0.065317
20,0,298,0.074686
26,0,298,0.085092
33,0,298,0.094863
39,0,298,0.103419
46,0,298,0.110596
52,0,298,0.116334
59,0,298,0.120743
65,0,298,0.123881
72,0,298,0.125912
78,0,298,0.127063
85,0,298,0.127216
91,0,298,0.126644
98,0,298,0.12569
104,0,298,0.124342
111,0,298,0.122639
117,0,298,0.120604
124,0,298,0.118282
130,0,298,0.115705
137,0,298,0.112948
143,0,298,0.110075
150,0,298,0.107109
156,0,298,0.104071
163,0,298,0.100988
169,0,298,0.097893
176,0,298,0.094813
182,0,298,0.091772
189,0,298,0.088788
195,0,298,0.085883
202,0,298,0.083074
208,0,298,0.080376
215,0,298,0.077796
221,0,298,0.075345
228,0,298,0.073034
234,0,298,0.070868
241,0,298,0.068855
247,0,298,0.066996
254,0,298,0.065294
260,0,298,0.063746
267,0,298,0.062352
273,0,298,0.061106
280,0,298,0.059999
286,0,298,0.059019
293,0,298,0.058155
299,0,298,0.057398
306,0,298,0.05673
312,0,298,0.056124
319,0,298,0.05556
325,0,298,0.055025
332,0,298,0.054506
338,0,298,0.053987
345,0,298,0.053457
351,0,298,0.052903
358,0,298,0.052316
364,0,298,0.05169
371,0,298,0.051021
377,0,298,0.050305
384,0,298,0.049541
390,0,298,0.048731
397,0,298,0.047878
403,0,298,0.046984
410,0,298,0.046055
416,0,298,0.045095
423,0,298,0.044106
429,0,298,0.043092
436,0,298,0.04206
442,0,298,0.041015
449,0,298,0.039958
455,0,298,0.038894
462,0,298,0.037826
468,0,298,0.036755
475,0,298,0.035687
481,0,298,0.034623
488,0,298,0.033566
494,0,298,0.032518
501,0,298,0.03148
507,0,298,0.030453
514,0,298,0.029437
520,0,298,0.028432
527,0,298,0.027436
533,0,298,0.026447
540,0,298,0.025459
546,0,298,0.024463
553,0,298,0.023451
559,0,298,0.022414
566,0,298,0.021346
572,0,298,0.020243
579,0,298,0.019109
585,0,298,0.017944
592,0,298,0.016736
598,0,298,0.015423
605,0,298,0.013631
611,0,298,0.010163
618,0,298,0.005728
0,0,288,0.073905
7,0,288,0.060011
13,0,288,0.06578
20,0,288,0.075356
26,0,288,0.085978
33,0,288,0.095906
40,0,288,0.104539
46,0,288,0.111705
53,0,288,0.117365
60,0,288,0.121636
66,0,288,0.124585
73,0,288,0.126422
79,0,288,0.127291
86,0,288,0.127152
93,0,288,0.126383
99,0,288,0.125224
106,0,288,0.123678
112,0,288,0.121777
119,0,288,0.119571
126,0,288,0.1171
132,0,288,0.114409
139,0,288,0.111571
146,0,288,0.108631
152,0,288,0.105614
159,0,288,0.102537
165,0,288,0.099427
172,0,288,0.096316
179,0,288,0.093231
185,0,288,0.090192
192,0,288,0.087219
198,0,288,0.084334
205,0,288,0.081556
212,0,288,0.078892
218,0,288,0.076346
225,0,288,0.073936
231,0,288,0.071675
238,0,288,0.069565
245,0,288,0.067612
251,0,288,0.065818
258,0,288,0.064182
265,0,288,0.062703
271,0,288,0.061378
278,0,288,0.060199
284,0,288,0.059156
291,0,288,0.058236
298,0,288,0.057429
304,0,288,0.05672
311,0,288,0.056087
317,0,288,0.055504
324,0,288,0.054955
331,0,288,0.054426
337,0,288,0.053904
344,0,288,0.053373
351,0,288,0.052822
357,0,288,0.052239
364,0,288,0.051617
370,0,288,0.050951
377,0,288,0.050238
384,0,288,0.049476
390,0,288,0.048665
397,0,288,0.047808
403,0,288,0.046908
410,0,288,0.04597
417,0,288,0.044999
423,0,288,0.043999
430,0,288,0.042972
437,0,288,0.041925
443,0,288,0.040864
450,0,288,0.039791
456,0,288,0.038709
463,0,288,0.037621
470,0,288,0.036533
476,0,288,0.035446
483,0,288,0.034363
489,0,288,0.033289
496,0,288,0.032223
503,0,288,0.031169
509,0,288,0.030126
516,0,288,0.029097
523,0,288,0.028081
529,0,288,0.027078
536,0,288,0.026086
542,0,288,0.025101
549,0,288,0.024119
556,0,288,0.023133
562,0,288,0.022135
569,0,288,0.021117
575,0,288,0.020075
582,0,288,0.019007
589,0,288,0.017914
595,0,288,0.016794
602,0,288,0.015633
609,0,288,0.014379
615,0,288,0.012693
622,0,288,0.009529
628,0,288,0.003856
0,0,279,0.073977
7,0,279,0.060214
13,0,279,0.066207
20,0,279,0.075988
27,0,279,0.086843
34,0,279,0.096917
40,0,279,0.10561
47,0,279,0.112761
54,0,279,0.118343
61,0,279,0.122469
67,0,279,0.125239
74,0,279,0.126906
81,0,279,0.127475
87,0,279,0.127074
94,0,279,0.126141
101,0,279,0.124782
108,0,279,0.123036
114,0,279,0.120942
121,0,279,0.118569
128,0,279,0.115951
135,0,279,0.113145
141,0,279,0.110222
148,0,279,0.107214
155,0,279,0.104141
161,0,279,0.101022
168,0,279,0.097884
175,0,279,0.094758
182,0,279,0.091667
188,0,279,0.088633
195,0,279,0.085674
202,0,279,0.082816
209,0,279,0.08007
215,0,279,0.07744
222,0,279,0.074932
229,0,279,0.072567
235,0,279,0.07036
242,0,279,0.06831
249,0,279,0.06642
256,0,279,0.064692
262,0,279,0.063125
269,0,279,0.061716
276,0,279,0.060459
283,0,279,0.059346
289,0,279,0.058364
296,0,279,0.0575
303,0,279,0.056745
309,0,279,0.056077
316,0,279,0.055469
323,0,279,0.054903
330,0,279,0.054362
336,0,279,0.053833
343,0,279,0.0533
350,0,279,0.05275
357,0,279,0.052172
363,0,279,0.051555
370,0,279,0.050894
377,0,279,0.050185
383,0,279,0.049426
390,0,279,0.048617
397,0,279,0.047758
404,0,279,0.046855
410,0,279,0.045911
417,0,279,0.044931
424,0,279,0.04392
431,0,279,0.042881
437,0,279,0.041822
444,0,279,0.040746
451,0,279,0.039657
457,0,279,0.038557
464,0,279,0.037452
471,0,279,0.036345
478,0,279,0.03524
484,0,279,0.03414
491,0,279,0.033047
498,0,279,0.031964
505,0,279,0.030893
511,0,279,0.029835
518,0,279,0.028791
525,0,279,0.027762
531,0,279,0.026749
538,0,279,0.02575
545,0,279,0.024764
552,0,279,0.023788
558,0,279,0.022815
565,0,279,0.021842
572,0,279,0.020861
579,0,279,0.019866
585,0,279,0.018852
592,0,279,0.017819
599,0,279,0.016766
605,0,279,0.015689
612,0,279,0.014574
619,0,279,0.013376
626,0,279,0.011775
632,0,279,0.008557
639,0,279,0.004186
0,0,270,0.074036
7,0,270,0.060378
14,0,270,0.066619
21,0,270,0.076636
27,0,270,0.087684
34,0,270,0.097881
41,0,270,0.106636
48,0,270,0.11377
55,0,270,0.119269
62,0,270,0.123243
68,0,270,0.12584
75,0,270,0.127328
82,0,270,0.127633
89,0,270,0.127
96,0,270,0.125896
103,0,270,0.124346
109,0,270,0.122405
116,0,270,0.12013
123,0,270,0.117593
130,0,270,0.114831
137,0,270,0.111915
144,0,270,0.108904
150,0,270,0.105823
157,0,270,0.102692
164,0,270,0.099529
171,0,270,0.096363
178,0,270,0.09322
185,0,270,0.090125
192,0,270,0.087098
198,0,270,0.084159
205,0,270,0.081329
212,0,270,0.078615
219,0,270,0.07602
226,0,270,0.073555
233,0,270,0.07124
239,0,270,0.069091
246,0,270,0.067104
253,0,270,0.06528
260,0,270,0.06362
267,0,270,0.062121
274,0,270,0.060782
280,0,270,0.059592
287,0,270,0.058542
294,0,270,0.057617
301,0,270,0.056807
308,0,270,0.056097
315,0,270,0.05546
321,0,270,0.054871
328,0,270,0.054314
335,0,270,0.053775
342,0,270,0.053238
349,0,270,0.052688
356,0,270,0.052113
362,0,270,0.051502
369,0,270,0.050846
376,0,270,0.050143
383,0,270,0.049389
390,0,270,0.048583
397,0,270,0.047727
404,0,270,0.046822
410,0,270,0.045874
417,0,270,0.044887
424,0,270,0.043868
431,0,270,0.042819
438,0,270,0.041748
445,0,270,0.040658
451,0,270,0.039554
458,0,270,0.038439
465,0,270,0.037317
472,0,270,0.036192
479,0,270,0.035069
486,0,270,0.033951
492,0,270,0.032841
499,0,270,0.03174
506,0,270,0.030652
513,0,270,0.029577
520,0,270,0.028519
527,0,270,0.027477
533,0,270,0.026451
540,0,270,0.025443
547,0,270,0.024451
554,0,270,0.023475
561,0,270,0.022509
568,0,270,0.021551
575,0,270,0.020594
581,0,270,0.019633
588,0,270,0.018662
595,0,270,0.017678
602,0,270,0.016679
609,0,270,0.015664
616,0,270,0.014628
622,0,270,0.013559
629,0,270,0.012415
636,0,270,0.010899
643,0,270,0.007671
650,0,270,0.003888
0,0,260,0.074087
7,0,260,0.060504
14,0,260,0.067006
21,0,260,0.077286
28,0,260,0.08851
35,0,260,0.098819
42,0,260,0.107629
49,0,260,0.114733
56,0,260,0.12014
63,0,260,0.123962
70,0,260,0.126386
76,0,260,0.127688
83,0,260,0.127762
90,0,260,0.126921
97,0,260,0.125642
104,0,260,0.123906
111,0,260,0.12178
118,0,260,0.119336
125,0,260,0.116638
132,0,260,0.113739
139,0,260,0.110717
146,0,260,0.107615
153,0,260,0.10446
160,0,260,0.101268
167,0,260,0.09806
174,0,260,0.094865
181,0,260,0.091708
188,0,260,0.088609
195,0,260,0.085591
202,0,260,0.082675
209,0,260,0.079874
216,0,260,0.077193
222,0,260,0.074635
229,0,260,0.072216
236,0,260,0.069957
243,0,260,0.067868
250,0,260,0.065946
257,0,260,0.06419
264,0,260,0.062599
271,0,260,0.06117
278,0,260,0.059899
285,0,260,0.058774
292,0,260,0.057783
299,0,260,0.056913
306,0,260,0.056152
313,0,260,0.055478
320,0,260,0.054862
327,0,260,0.054285
334,0,260,0.053733
341,0,260,0.053188
348,0,260,0.052637
355,0,260,0.052063
362,0,260,0.051457
368,0,260,0.050809
375,0,260,0.050112
382,0,260,0.049364
389,0,260,0.048564
396,0,260,0.047711
403,0,260,0.046808
410,0,260,0.045858
417,0,260,0.044867
424,0,260,0.04384
431,0,260,0.042783
438,0,260,0.041702
445,0,260,0.0406
452,0,260,0.039483
459,0,260,0.038352
466,0,260,0.037214
473,0,260,0.036073
480,0,260,0.034932
487,0,260,0.033796
494,0,260,0.032669
501,0,260,0.031551
507,0,260,0.030446
514,0,260,0.029355
521,0,260,0.028281
528,0,260,0.027224
535,0,260,0.026187
542,0,260,0.025167
549,0,260,0.024167
556,0,260,0.023186
563,0,260,0.022221
570,0,260,0.02127
577,0,260,0.020328
584,0,260,0.01939
591,0,260,0.018451
598,0,260,0.017506
605,0,260,0.016552
612,0,260,0.015587
619,0,260,0.014609
626,0,260,0.013615
633,0,260,0.012591
640,0,260,0.011504
647,0,260,0.010086
653,0,260,0.007096
660,0,260,0.003249
0,0,251,0.074136
7,0,251,0.060623
14,0,251,0.067355
21,0,251,0.077894
28,0,251,0.08933
35,0,251,0.099761
42,0,251,0.1086
49,0,251,0.115647
57,0,251,0.120953
64,0,251,0.124627
71,0,251,0.126888
78,0,251,0.127989
85,0,251,0.127843
92,0,251,0.126833
99,0,251,0.125377
106,0,251,0.123457
113,0,251,0.121157
120,0,251,0.118552
127,0,251,0.115701
134,0,251,0.112673
141,0,251,0.109546
148,0,251,0.106355
155,0,251,0.103123
162,0,251,0.09987
170,0,251,0.096619
177,0,251,0.093395
184,0,251,0.090222
191,0,251,0.087121
198,0,251,0.084116
205,0,251,0.081223
212,0,251,0.078451
219,0,251,0.075803
226,0,251,0.073285
233,0,251,0.070917
240,0,251,0.068719
247,0,251,0.066693
254,0,251,0.064838
261,0,251,0.06315
268,0,251,0.061628
276,0,251,0.06027
283,0,251,0.059065
290,0,251,0.058002
297,0,251,0.057066
304,0,251,0.056247
311,0,251,0.055528
318,0,251,0.054881
325,0,251,0.05428
332,0,251,0.053709
339,0,251,0.053153
346,0,251,0.052597
353,0,251,0.052024
360,0,251,0.051421
367,0,251,0.050779
374,0,251,0.05009
381,0,251,0.049349
389,0,251,0.048556
396,0,251,0.047708
403,0,251,0.046809
410,0,251,0.04586
417,0,251,0.044867
424,0,251,0.043835
431,0,251,0.042772
438,0,251,0.041682
445,0,251,0.040571
452,0,251,0.039441
459,0,251,0.038296
466,0,251,0.037143
473,0,251,0.035986
480,0,251,0.034829
487,0,251,0.033676
495,0,251,0.032531
502,0,251,0.031397
509,0,251,0.030275
516,0,251,0.029168
523,0,251,0.028078
530,0,251,0.027006
537,0,251,0.025955
544,0,251,0.024924
551,0,251,0.023914
558,0,251,0.022925
565,0,251,0.021957
572,0,251,0.021008
579,0,251,0.020073
586,0,251,0.01915
593,0,251,0.018232
600,0,251,0.017316
608,0,251,0.016398
615,0,251,0.015475
622,0,251,0.014544
629,0,251,0.013605
636,0,251,0.012651
643,0,251,0.011673
650,0,251,0.010639
657,0,251,0.009305
664,0,251,0.006287
671,0,251,0.003553
0,0,242,0.074186
7,0,242,0.060741
14,0,242,0.067688
22,0,242,0.07848
29,0,242,0.090144
36,0,242,0.100698
43,0,242,0.109542
50,0,242,0.116513
57,0,242,0.121713
65,0,242,0.125245
72,0,242,0.127363
79,0,242,0.128234
86,0,242,0.127861
93,0,242,0.126722
100,0,242,0.125094
108,0,242,0.123001
115,0,242,0.120533
122,0,242,0.11777
129,0,242,0.114776
136,0,242,0.11163
144,0,242,0.108401
151,0,242,0.105121
158,0,242,0.101814
165,0,242,0.0985
172,0,242,0.095204
179,0,242,0.091952
187,0,242,0.088765
194,0,242,0.085665
201,0,242,0.082674
208,0,242,0.079805
215,0,242,0.077061
222,0,242,0.074448
230,0,242,0.071974
237,0,242,0.069662
244,0,242,0.067527
251,0,242,0.065567
258,0,242,0.063779
266,0,242,0.06216
273,0,242,0.060708
280,0,242,0.059417
287,0,242,0.058276
294,0,242,0.057271
301,0,242,0.056388
309,0,242,0.055615
316,0,242,0.054929
323,0,242,0.054299
330,0,242,0.053707
337,0,242,0.053136
345,0,242,0.052571
352,0,242,0.051995
359,0,242,0.051395
366,0,242,0.050758
373,0,242,0.050076
380,0,242,0.049343
388,0,242,0.048558
395,0,242,0.047718
402,0,242,0.046823
409,0,242,0.045878
416,0,242,0.044885
423,0,242,0.043852
431,0,242,0.042783
438,0,242,0.041687
445,0,242,0.040567
452,0,242,0.039426
459,0,242,0.03827
467,0,242,0.037103
474,0,242,0.035931
481,0,242,0.034759
488,0,242,0.03359
495,0,242,0.032428
502,0,242,0.031277
510,0,242,0.030138
517,0,242,0.029015
524,0,242,0.027909
531,0,242,0.026823
538,0,242,0.025757
545,0,242,0.024714
553,0,242,0.023693
560,0,242,0.022695
567,0,242,0.021721
574,0,242,0.020769
581,0,242,0.019836
589,0,242,0.01892
596,0,242,0.018015
603,0,242,0.017119
610,0,242,0.016229
617,0,242,0.015341
624,0,242,0.01445
632,0,242,0.013554
639,0,242,0.012653
646,0,242,0.01174
653,0,242,0.010807
660,0,242,0.009826
667,0,242,0.008587
675,0,242,0.005772
682,0,242,0.002599
0,0,233,0.074236
7,0,233,0.060864
15,0,233,0.068024
22,0,233,0.079062
29,0,233,0.090947
36,0,233,0.10161
44,0,233,0.110444
51,0,233,0.117333
58,0,233,0.122425
66,0,233,0.125817
73,0,233,0.127799
80,0,233,0.12843
87,0,233,0.127837
95,0,233,0.126578
102,0,233,0.12479
109,0,233,0.122532
117,0,233,0.119903
124,0,233,0.116988
131,0,233,0.11386
139,0,233,0.110604
146,0,233,0.107277
153,0,233,0.103911
160,0,233,0.10053
168,0,233,0.097157
175,0,233,0.093819
182,0,233,0.090539
190,0,233,0.087339
197,0,233,0.084242
204,0,233,0.081266
211,0,233,0.07842
219,0,233,0.075707
226,0,233,0.07313
233,0,233,0.070705
241,0,233,0.068452
248,0,233,0.066381
255,0,233,0.064488
262,0,233,0.062768
270,0,233,0.061218
277,0,233,0.059836
284,0,233,0.05861
292,0,233,0.05753
299,0,233,0.056579
306,0,233,0.055744
313,0,233,0.05501
321,0,233,0.054347
328,0,233,0.053728
335,0,233,0.053138
343,0,233,0.052561
350,0,233,0.051979
357,0,233,0.051379
364,0,233,0.050745
372,0,233,0.05007
379,0,233,0.049346
386,0,233,0.048569
394,0,233,0.047737
401,0,233,0.04685
408,0,233,0.04591
416,0,233,0.04492
423,0,233,0.043887
430,0,233,0.042816
437,0,233,0.041714
445,0,233,0.040587
452,0,233,0.039438
459,0,233,0.038272
467,0,233,0.037093
474,0,233,0.035907
481,0,233,0.03472
488,0,233,0.033536
496,0,233,0.032358
503,0,233,0.03119
510,0,233,0.030036
518,0,233,0.028897
525,0,233,0.027775
532,0,233,0.026674
539,0,233,0.025595
547,0,233,0.024538
554,0,233,0.023506
561,0,233,0.022498
569,0,233,0.021515
576,0,233,0.020557
583,0,233,0.019622
590,0,233,0.018707
598,0,233,0.01781
605,0,233,0.016927
612,0,233,0.016057
620,0,233,0.015195
627,0,233,0.014336
634,0,233,0.013478
642,0,233,0.012618
649,0,233,0.011755
656,0,233,0.010883
663,0,233,0.009993
671,0,233,0.009063
678,0,233,0.007921
685,0,233,0.00527
693,0,233,0.001714
0,0,223,0.074288
7,0,223,0.060992
15,0,223,0.068369
22,0,223,0.07965
30,0,223,0.091736
37,0,223,0.102488
44,0,223,0.111304
52,0,223,0.118111
59,0,223,0.123091
67,0,223,0.126339
74,0,223,0.128172
81,0,223,0.12859
89,0,223,0.127794
96,0,223,0.126397
104,0,223,0.124456
111,0,223,0.122041
118,0,223,0.119262
126,0,223,0.116203
133,0,223,0.112952
141,0,223,0.109593
148,0,223,0.106173
155,0,223,0.102724
163,0,223,0.099271
170,0,223,0.095841
178,0,223,0.092462
185,0,223,0.089157
192,0,223,0.085947
200,0,223,0.082853
207,0,223,0.079893
215,0,223,0.077071
222,0,223,0.074389
229,0,223,0.071851
237,0,223,0.069478
244,0,223,0.067289
252,0,223,0.065283
259,0,223,0.063456
266,0,223,0.061804
274,0,223,0.060324
281,0,223,0.059009
289,0,223,0.057846
296,0,223,0.056822
304,0,223,0.055921
311,0,223,0.055129
318,0,223,0.054426
326,0,223,0.053777
333,0,223,0.053164
341,0,223,0.05257
348,0,223,0.051978
355,0,223,0.051375
363,0,223,0.050744
370,0,223,0.050074
378,0,223,0.049357
385,0,223,0.048589
392,0,223,0.047766
400,0,223,0.046887
407,0,223,0.045954
415,0,223,0.044969
422,0,223,0.043938
429,0,223,0.042867
437,0,223,0.041763
444,0,223,0.04063
452,0,223,0.039474
459,0,223,0.038299
466,0,223,0.03711
474,0,223,0.035912
481,0,223,0.034712
489,0,223,0.033513
496,0,223,0.032321
503,0,223,0.031138
511,0,223,0.029967
518,0,223,0.028813
526,0,223,0.027677
533,0,223,0.026561
540,0,223,0.025467
548,0,223,0.024397
555,0,223,0.023352
563,0,223,0.022334
570,0,223,0.021341
577,0,223,0.020374
585,0,223,0.019433
592,0,223,0.018516
600,0,223,0.017622
607,0,223,0.016748
614,0,223,0.015891
622,0,223,0.015048
629,0,223,0.014214
637,0,223,0.013387
644,0,223,0.012562
651,0,223,0.011738
659,0,223,0.010912
666,0,223,0.01008
674,0,223,0.00923
681,0,223,0.00835
688,0,223,0.007308
696,0,223,0.004783
703,0,223,0.001488
0,0,214,0.07434
8,0,214,0.061124
15,0,214,0.068728
23,0,214,0.080243
30,0,214,0.092507
38,0,214,0.103334
45,0,214,0.112127
53,0,214,0.118853
60,0,214,0.123708
68,0,214,0.12681
75,0,214,0.128492
83,0,214,0.128713
90,0,214,0.127734
98,0,214,0.126186
105,0,214,0.12409
113,0,214,0.121526
120,0,214,0.118605
128,0,214,0.115415
135,0,214,0.112052
143,0,214,0.108594
150,0,214,0.105084
158,0,214,0.101555
165,0,214,0.098034
173,0,214,0.094552
180,0,214,0.091135
188,0,214,0.087807
195,0,214,0.084589
203,0,214,0.081502
210,0,214,0.078557
218,0,214,0.075759
225,0,214,0.073108
233,0,214,0.070614
240,0,214,0.068297
248,0,214,0.066172
256,0,214,0.064231
263,0,214,0.06247
271,0,214,0.060887
278,0,214,0.059475
286,0,214,0.058225
293,0,214,0.057121
301,0,214,0.056149
308,0,214,0.055294
316,0,214,0.05454
323,0,214,0.053856
331,0,214,0.053215
338,0,214,0.0526
346,0,214,0.051996
353,0,214,0.051385
361,0,214,0.050754
368,0,214,0.050087
376,0,214,0.049377
383,0,214,0.048617
391,0,214,0.047803
398,0,214,0.046934
406,0,214,0.046009
413,0,214,0.04503
421,0,214,0.044004
428,0,214,0.042935
436,0,214,0.04183
443,0,214,0.040695
451,0,214,0.039534
458,0,214,0.038351
466,0,214,0.037153
473,0,214,0.035945
481,0,214,0.034732
488,0,214,0.033521
496,0,214,0.032315
504,0,214,0.031118
511,0,214,0.029933
519,0,214,0.028764
526,0,214,0.027613
534,0,214,0.026482
541,0,214,0.025374
549,0,214,0.024291
556,0,214,0.023233
564,0,214,0.022202
571,0,214,0.021199
579,0,214,0.020223
586,0,214,0.019274
594,0,214,0.018353
601,0,214,0.017458
609,0,214,0.016587
616,0,214,0.015738
624,0,214,0.014907
631,0,214,0.014093
639,0,214,0.013289
646,0,214,0.012494
654,0,214,0.011703
661,0,214,0.010914
669,0,214,0.010124
676,0,214,0.009328
684,0,214,0.008516
691,0,214,0.007682
699,0,214,0.006741
706,0,214,0.004327
714,0,214,0.00124
0,0,205,0.07439
8,0,205,0.061258
15,0,205,0.069098
23,0,205,0.080842
31,0,205,0.093258
38,0,205,0.104147
46,0,205,0.112914
53,0,205,0.119558
61,0,205,0.124278
69,0,205,0.127235
76,0,205,0.128763
84,0,205,0.128792
92,0,205,0.127649
99,0,205,0.125949
107,0,205,0.123693
114,0,205,0.120988
122,0,205,0.117933
130,0,205,0.114623
137,0,205,0.111157
145,0,205,0.107605
153,0,205,0.104009
160,0,205,0.100403
168,0,205,0.09682
175,0,205,0.093289
183,0,205,0.089838
191,0,205,0.086489
198,0,205,0.083266
206,0,205,0.080187
214,0,205,0.077258
221,0,205,0.074485
229,0,205,0.071867
236,0,205,0.06942
244,0,205,0.067163
252,0,205,0.0651
259,0,205,0.063224
267,0,205,0.061531
275,0,205,0.060015
282,0,205,0.058669
290,0,205,0.057481
297,0,205,0.056433
305,0,205,0.055508
313,0,205,0.054694
320,0,205,0.053967
328,0,205,0.053295
336,0,205,0.052656
343,0,205,0.052034
351,0,205,0.051413
359,0,205,0.050777
366,0,205,0.050113
374,0,205,0.049407
381,0,205,0.048654
389,0,205,0.047849
397,0,205,0.046989
404,0,205,0.046073
412,0,205,0.045103
420,0,205,0.044083
427,0,205,0.043018
435,0,205,0.041914
442,0,205,0.040778
450,0,205,0.039614
458,0,205,0.038427
465,0,205,0.037221
473,0,205,0.036004
481,0,205,0.034781
488,0,205,0.033558
496,0,205,0.032339
503,0,205,0.031129
511,0,205,0.029931
519,0,205,0.028748
526,0,205,0.027582
534,0,205,0.026438
542,0,205,0.025316
549,0,205,0.024218
557,0,205,0.023147
564,0,205,0.022104
572,0,205,0.021089
580,0,205,0.020103
587,0,205,0.019147
595,0,205,0.018219
603,0,205,0.017321
610,0,205,0.016449
618,0,205,0.015604
625,0,205,0.014781
633,0,205,0.013979
641,0,205,0.013194
648,0,205,0.012422
656,0,205,0.011658
664,0,205,0.010899
671,0,205,0.010143
679,0,205,0.009386
686,0,205,0.008624
694,0,205,0.007848
702,0,205,0.007068
709,0,205,0.006337
717,0,205,0.004006
725,0,205,0.000853
0,0,195,0.07444
8,0,195,0.061393
15,0,195,0.06948
23,0,195,0.081445
31,0,195,0.09399
39,0,195,0.104928
46,0,195,0.113667
54,0,195,0.120229
62,0,195,0.124812
70,0,195,0.127619
77,0,195,0.128987
85,0,195,0.128827
93,0,195,0.127529
101,0,195,0.125681
108,0,195,0.123272
116,0,195,0.120433
124,0,195,0.11725
132,0,195,0.113826
139,0,195,0.110263
147,0,195,0.106621
155,0,195,0.102944
163,0,195,0.099267
170,0,195,0.095626
178,0,195,0.092052
186,0,195,0.088571
194,0,195,0.085205
201,0,195,0.08198
209,0,195,0.078908
217,0,195,0.075996
224,0,195,0.073248
232,0,195,0.070666
240,0,195,0.068271
248,0,195,0.066075
255,0,195,0.064075
263,0,195,0.062264
271,0,195,0.060637
279,0,195,0.059188
286,0,195,0.057905
294,0,195,0.056774
302,0,195,0.055776
310,0,195,0.054896
317,0,195,0.054116
325,0,195,0.053407
333,0,195,0.052739
341,0,195,0.052096
348,0,195,0.051461
356,0,195,0.050818
364,0,195,0.050151
372,0,195,0.049449
379,0,195,0.048702
387,0,195,0.047905
395,0,195,0.047054
402,0,195,0.046148
410,0,195,0.045186
418,0,195,0.044173
426,0,195,0.043114
433,0,195,0.042013
441,0,195,0.040878
449,0,195,0.039713
457,0,195,0.038523
464,0,195,0.037313
472,0,195,0.036088
480,0,195,0.034856
488,0,195,0.033623
495,0,195,0.032393
503,0,195,0.031171
511,0,195,0.02996
519,0,195,0.028764
526,0,195,0.027585
534,0,195,0.026426
542,0,195,0.025291
550,0,195,0.02418
557,0,195,0.023096
565,0,195,0.02204
573,0,195,0.021014
581,0,195,0.020018
588,0,195,0.019053
596,0,195,0.018118
604,0,195,0.017214
611,0,195,0.01634
619,0,195,0.015494
627,0,195,0.014675
635,0,195,0.013881
642,0,195,0.013108
650,0,195,0.012353
658,0,195,0.01161
666,0,195,0.010876
673,0,195,0.010148
681,0,195,0.009422
689,0,195,0.008696
697,0,195,0.007965
704,0,195,0.007225
712,0,195,0.006524
720,0,195,0.006117
728,0,195,0.003632
735,0,195,0.000597
0,0,186,0.074488
8,0,186,0.061525
16,0,186,0.069867
24,0,186,0.082048
31,0,186,0.094698
39,0,186,0.105677
47,0,186,0.11439
55,0,186,0.120871
63,0,186,0.125316
71,0,186,0.127972
79,0,186,0.129167
86,0,186,0.128813
94,0,186,0.127369
102,0,186,0.125384
110,0,186,0.122833
118,0,186,0.119861
126,0,186,0.116555
134,0,186,0.113023
141,0,186,0.109367
149,0,186,0.10564
157,0,186,0.101887
165,0,186,0.098146
173,0,186,0.094453
181,0,186,0.09084
188,0,186,0.087332
196,0,186,0.083953
204,0,186,0.080728
212,0,186,0.077666
220,0,186,0.074772
228,0,186,0.072051
236,0,186,0.069509
243,0,186,0.067169
251,0,186,0.065033
259,0,186,0.063094
267,0,186,0.061348
275,0,186,0.059787
283,0,186,0.058402
291,0,186,0.05718
298,0,186,0.056102
306,0,186,0.05515
314,0,186,0.054308
322,0,186,0.053553
330,0,186,0.052854
338,0,186,0.052185
346,0,186,0.051531
353,0,186,0.050878
361,0,186,0.050206
369,0,186,0.049504
377,0,186,0.048762
385,0,186,0.047972
393,0,186,0.047129
401,0,186,0.046231
408,0,186,0.045279
416,0,186,0.044274
424,0,186,0.043222
432,0,186,0.042126
440,0,186,0.040994
448,0,186,0.03983
455,0,186,0.038639
463,0,186,0.037426
471,0,186,0.036196
479,0,186,0.034958
487,0,186,0.033715
495,0,186,0.032476
503,0,186,0.031243
510,0,186,0.03002
518,0,186,0.028811
526,0,186,0.027619
534,0,186,0.026447
542,0,186,0.025299
550,0,186,0.024176
558,0,186,0.02308
565,0,186,0.022012
573,0,186,0.020974
581,0,186,0.019968
589,0,186,0.018993
597,0,186,0.01805
605,0,186,0.01714
613,0,186,0.01626
620,0,186,0.015412
628,0,186,0.014594
636,0,186,0.013803
644,0,186,0.013038
652,0,186,0.012293
660,0,186,0.011566
668,0,186,0.010851
675,0,186,0.010144
683,0,186,0.009444
691,0,186,0.008746
699,0,186,0.008049
707,0,186,0.007345
715,0,186,0.006644
722,0,186,0.006015
730,0,186,0.005764
738,0,186,0.003352
746,0,186,0.000486
0,0,177,0.074533
8,0,177,0.061655
16,0,177,0.070254
24,0,177,0.082645
32,0,177,0.095385
40,0,177,0.106394
48,0,177,0.115082
56,0,177,0.121486
64,0,177,0.125795
72,0,177,0.128315
80,0,177,0.129301
88,0,177,0.128733
96,0,177,0.127179
104,0,177,0.125062
112,0,177,0.122378
119,0,177,0.119273
127,0,177,0.115846
135,0,177,0.112213
143,0,177,0.108468
151,0,177,0.104663
159,0,177,0.100839
167,0,177,0.097039
175,0,177,0.093299
183,0,177,0.089651
191,0,177,0.086121
199,0,177,0.082733
207,0,177,0.079511
215,0,177,0.076459
223,0,177,0.073584
231,0,177,0.070893
239,0,177,0.068397
247,0,177,0.066113
255,0,177,0.064036
263,0,177,0.062159
271,0,177,0.060476
279,0,177,0.05898
287,0,177,0.057657
295,0,177,0.05649
303,0,177,0.05546
311,0,177,0.054549
319,0,177,0.053739
327,0,177,0.053001
335,0,177,0.052304
343,0,177,0.051628
350,0,177,0.050958
358,0,177,0.05028
366,0,177,0.049575
374,0,177,0.048835
382,0,177,0.04805
390,0,177,0.047215
398,0,177,0.046326
406,0,177,0.045383
414,0,177,0.044386
422,0,177,0.043341
430,0,177,0.042252
438,0,177,0.041124
446,0,177,0.039963
454,0,177,0.038772
462,0,177,0.037558
470,0,177,0.036326
478,0,177,0.035082
486,0,177,0.033833
494,0,177,0.032585
502,0,177,0.031343
510,0,177,0.03011
518,0,177,0.028889
526,0,177,0.027685
534,0,177,0.0265
542,0,177,0.02534
550,0,177,0.024206
558,0,177,0.023098
566,0,177,0.022019
574,0,177,0.02097
581,0,177,0.019952
589,0,177,0.018968
597,0,177,0.018016
605,0,177,0.017098
613,0,177,0.016213
621,0,177,0.015361
629,0,177,0.014541
637,0,177,0.013751
645,0,177,0.012988
653,0,177,0.012249
661,0,177,0.01153
669,0,177,0.010828
677,0,177,0.010138
685,0,177,0.009458
693,0,177,0.008783
701,0,177,0.008112
709,0,177,0.007439
717,0,177,0.006759
725,0,177,0.00609
733,0,177,0.005518
741,0,177,0.005315
749,0,177,0.003031
757,0,177,0.000448
0,0,167,0.074575
8,0,167,0.061782
16,0,167,0.070637
24,0,167,0.083235
32,0,167,0.096055
40,0,167,0.107084
48,0,167,0.115746
57,0,167,0.122074
65,0,167,0.126249
73,0,167,0.128641
81,0,167,0.129394
89,0,167,0.128601
97,0,167,0.126954
105,0,167,0.124719
113,0,167,0.121901
121,0,167,0.118665
129,0,167,0.115122
137,0,167,0.111395
145,0,167,0.107567
153,0,167,0.103687
162,0,167,0.099799
170,0,167,0.095945
178,0,167,0.092163
186,0,167,0.088485
194,0,167,0.084936
202,0,167,0.081544
210,0,167,0.078326
218,0,167,0.075287
226,0,167,0.072434
234,0,167,0.069777
242,0,167,0.067331
250,0,167,0.065102
259,0,167,0.063083
267,0,167,0.061268
275,0,167,0.059648
283,0,167,0.058214
291,0,167,0.056948
299,0,167,0.055833
307,0,167,0.054847
315,0,167,0.053972
323,0,167,0.053185
331,0,167,0.052455
339,0,167,0.051753
347,0,167,0.051065
355,0,167,0.050374
364,0,167,0.049665
372,0,167,0.048925
380,0,167,0.048143
388,0,167,0.047313
396,0,167,0.046432
404,0,167,0.045498
412,0,167,0.04451
420,0,167,0.043473
428,0,167,0.04239
436,0,167,0.041268
444,0,167,0.04011
452,0,167,0.038922
460,0,167,0.037708
469,0,167,0.036475
477,0,167,0.035228
485,0,167,0.033974
493,0,167,0.03272
501,0,167,0.031469
509,0,167,0.030227
517,0,167,0.028996
525,0,167,0.027781
533,0,167,0.026586
541,0,167,0.025414
549,0,167,0.024268
557,0,167,0.02315
565,0,167,0.022059
574,0,167,0.021
582,0,167,0.019972
590,0,167,0.018977
598,0,167,0.018017
606,0,167,0.017091
614,0,167,0.016199
622,0,167,0.015342
630,0,167,0.014518
638,0,167,0.013724
646,0,167,0.01296
654,0,167,0.012222
662,0,167,0.011508
670,0,167,0.010813
679,0,167,0.010135
687,0,167,0.009469
695,0,167,0.008812
703,0,167,0.00816
711,0,167,0.00751
719,0,167,0.006857
727,0,167,0.006199
735,0,167,0.005557
743,0,167,0.005018
751,0,167,0.004732
759,0,167,0.002644
767,0,167,0.000435
0,0,158,0.074615
8,0,158,0.061907
16,0,158,0.071016
25,0,158,0.083817
33,0,158,0.096715
41,0,158,0.107755
49,0,158,0.116384
57,0,158,0.122632
66,0,158,0.126671
74,0,158,0.128921
82,0,158,0.129457
90,0,158,0.128457
98,0,158,0.126706
106,0,158,0.124345
115,0,158,0.121394
123,0,158,0.118033
131,0,158,0.114384
139,0,158,0.11057
147,0,158,0.106664
156,0,158,0.102715
164,0,158,0.098766
172,0,158,0.094863
180,0,158,0.091044
188,0,158,0.08734
197,0,158,0.083777
205,0,158,0.080384
213,0,158,0.077172
221,0,158,0.074148
229,0,158,0.071321
238,0,158,0.068705
246,0,158,0.06631
254,0,158,0.064136
262,0,158,0.062174
270,0,158,0.06042
278,0,158,0.058862
287,0,158,0.057487
295,0,158,0.056275
303,0,158,0.055205
311,0,158,0.054258
319,0,158,0.053413
328,0,158,0.052641
336,0,158,0.05191
344,0,158,0.051199
352,0,158,0.050493
360,0,158,0.049775
369,0,158,0.049032
377,0,158,0.048252
385,0,158,0.047427
393,0,158,0.046552
401,0,158,0.045625
410,0,158,0.044646
418,0,158,0.043617
426,0,158,0.042542
434,0,158,0.041425
442,0,158,0.040272
450,0,158,0.039088
459,0,158,0.037876
467,0,158,0.036643
475,0,158,0.035395
483,0,158,0.034138
491,0,158,0.032878
500,0,158,0.031621
508,0,158,0.030372
516,0,158,0.029133
524,0,158,0.027908
532,0,158,0.026702
541,0,158,0.02552
549,0,158,0.024363
557,0,158,0.023234
565,0,158,0.022134
573,0,158,0.021064
582,0,158,0.020026
590,0,158,0.019022
598,0,158,0.018052
606,0,158,0.017118
614,0,158,0.016218
623,0,158,0.015354
631,0,158,0.014523
639,0,158,0.013724
647,0,158,0.012956
655,0,158,0.012216
663,0,158,0.011502
672,0,158,0.010811
680,0,158,0.010138
688,0,158,0.009482
696,0,158,0.008837
704,0,158,0.008201
713,0,158,0.007568
721,0,158,0.006934
729,0,158,0.006296
737,0,158,0.005656
745,0,158,0.005035
754,0,158,0.004501
762,0,158,0.004068
770,0,158,0.002231
778,0,158,0.000393
0,0,149,0.074655
8,0,149,0.062033
17,0,149,0.071388
25,0,149,0.084386
33,0,149,0.097368
42,0,149,0.108414
50,0,149,0.117
58,0,149,0.123161
66,0,149,0.127056
75,0,149,0.129151
83,0,149,0.12949
91,0,149,0.12832
100,0,149,0.126444
108,0,149,0.123932
116,0,149,0.120853
125,0,149,0.117379
133,0,149,0.113634
141,0,149,0.10974
149,0,149,0.10576
158,0,149,0.101744
166,0,149,0.09774
174,0,149,0.093792
183,0,149,0.089941
191,0,149,0.086214
199,0,149,0.082643
208,0,149,0.079252
216,0,149,0.076049
224,0,149,0.073043
232,0,149,0.070248
241,0,149,0.067676
249,0,149,0.065333
257,0,149,0.063212
266,0,149,0.061309
274,0,149,0.059614
282,0,149,0.058116
291,0,149,0.056796
299,0,149,0.055633
307,0,149,0.054605
316,0,149,0.053691
324,0,149,0.052867
332,0,149,0.052102
340,0,149,0.051365
349,0,149,0.050639
357,0,149,0.04991
365,0,149,0.049161
374,0,149,0.04838
382,0,149,0.047558
390,0,149,0.046688
399,0,149,0.045768
407,0,149,0.044796
415,0,149,0.043775
423,0,149,0.042707
432,0,149,0.041596
440,0,149,0.040448
448,0,149,0.039268
457,0,149,0.03806
465,0,149,0.036829
473,0,149,0.035581
482,0,149,0.034322
490,0,149,0.033059
498,0,149,0.031797
507,0,149,0.030542
515,0,149,0.029296
523,0,149,0.028064
531,0,149,0.026849
540,0,149,0.025656
548,0,149,0.02449
556,0,149,0.023351
565,0,149,0.022241
573,0,149,0.021161
581,0,149,0.020114
590,0,149,0.019101
598,0,149,0.018122
606,0,149,0.017178
614,0,149,0.016269
623,0,149,0.015396
631,0,149,0.014556
639,0,149,0.013751
648,0,149,0.012976
656,0,149,0.012232
664,0,149,0.011515
673,0,149,0.010823
681,0,149,0.010152
689,0,149,0.009501
697,0,149,0.008863
706,0,149,0.008236
714,0,149,0.007615
722,0,149,0.006995
731,0,149,0.006374
739,0,149,0.005747
747,0,149,0.005119
756,0,149,0.004511
764,0,149,0.003966
772,0,149,0.003423
781,0,149,0.001817
789,0,149,0.000315
0,0,140,0.074696
8,0,140,0.062162
17,0,140,0.071756
25,0,140,0.084944
34,0,140,0.098013
42,0,140,0.109063
50,0,140,0.117596
59,0,140,0.123657
67,0,140,0.127406
76,0,140,0.129339
84,0,140,0.129495
93,0,140,0.128176
101,0,140,0.126161
109,0,140,0.123486
118,0,140,0.120284
126,0,140,0.116707
135,0,140,0.112876
143,0,140,0.108905
151,0,140,0.104854
160,0,140,0.100775
168,0,140,0.096718
177,0,140,0.092731
185,0,140,0.088851
194,0,140,0.085107
202,0,140,0.081533
210,0,140,0.078147
219,0,140,0.074957
227,0,140,0.071973
236,0,140,0.069214
244,0,140,0.066689
252,0,140,0.064397
261,0,140,0.062331
269,0,140,0.060486
278,0,140,0.05885
286,0,140,0.057407
295,0,140,0.056138
303,0,140,0.05502
311,0,140,0.054028
320,0,140,0.053142
328,0,140,0.052331
337,0,140,0.051564
345,0,140,0.050815
353,0,140,0.05007
362,0,140,0.049313
370,0,140,0.048528
379,0,140,0.047707
387,0,140,0.046841
396,0,140,0.045927
404,0,140,0.044962
412,0,140,0.043947
421,0,140,0.042887
429,0,140,0.041783
438,0,140,0.04064
446,0,140,0.039464
454,0,140,0.03826
463,0,140,0.037032
471,0,140,0.035785
480,0,140,0.034527
488,0,140,0.033262
497,0,140,0.031997
505,0,140,0.030736
513,0,140,0.029485
522,0,140,0.028247
530,0,140,0.027025
539,0,140,0.025824
547,0,140,0.024648
555,0,140,0.0235
564,0,140,0.022381
572,0,140,0.021292
581,0,140,0.020236
589,0,140,0.019213
598,0,140,0.018224
606,0,140,0.01727
614,0,140,0.016351
623,0,140,0.015467
631,0,140,0.014618
640,0,140,0.013804
648,0,140,0.013022
656,0,140,0.012271
665,0,140,0.011548
673,0,140,0.010852
682,0,140,0.01018
690,0,140,0.009528
699,0,140,0.008893
707,0,140,0.008271
715,0,140,0.007657
724,0,140,0.007047
732,0,140,0.006436
741,0,140,0.005821
749,0,140,0.005201
757,0,140,0.004582
766,0,140,0.003978
774,0,140,0.003415
783,0,140,0.002801
791,0,140,0.001401
800,0,140,0.00023
0,0,130,0.074741
9,0,130,0.062296
17,0,130,0.072126
26,0,130,0.085493
34,0,130,0.098647
43,0,130,0.109705
51,0,130,0.118177
60,0,130,0.124122
68,0,130,0.127722
77,0,130,0.129499
85,0,130,0.129475
94,0,130,0.128006
102,0,130,0.125845
111,0,130,0.123016
119,0,130,0.119698
128,0,130,0.116023
136,0,130,0.112111
145,0,130,0.108065
154,0,130,0.103945
162,0,130,0.099805
171,0,130,0.095701
179,0,130,0.091678
188,0,130,0.087774
196,0,130,0.084019
205,0,130,0.080445
213,0,130,0.077068
222,0,130,0.073894
230,0,130,0.070938
239,0,130,0.06822
247,0,130,0.065743
256,0,130,0.063502
264,0,130,0.061491
273,0,130,0.059703
281,0,130,0.058124
290,0,130,0.056734
299,0,130,0.055512
307,0,130,0.054433
316,0,130,0.053473
324,0,130,0.052606
333,0,130,0.0518
341,0,130,0.051025
350,0,130,0.05026
358,0,130,0.049491
367,0,130,0.048701
375,0,130,0.047878
384,0,130,0.047014
392,0,130,0.046104
401,0,130,0.045146
409,0,130,0.044138
418,0,130,0.043083
426,0,130,0.041986
435,0,130,0.040848
443,0,130,0.039677
452,0,130,0.038477
461,0,130,0.037253
469,0,130,0.036008
478,0,130,0.034751
486,0,130,0.033486
495,0,130,0.032219
503,0,130,0.030955
512,0,130,0.0297
520,0,130,0.028457
529,0,130,0.027229
537,0,130,0.026021
546,0,130,0.024837
554,0,130,0.023681
563,0,130,0.022553
571,0,130,0.021455
580,0,130,0.020389
588,0,130,0.019356
597,0,130,0.018356
606,0,130,0.017391
614,0,130,0.016462
623,0,130,0.015567
631,0,130,0.014708
640,0,130,0.013884
648,0,130,0.013093
657,0,130,0.012333
665,0,130,0.011603
674,0,130,0.0109
682,0,130,0.010222
691,0,130,0.009566
699,0,130,0.008929
708,0,130,0.008308
716,0,130,0.007697
725,0,130,0.007091
733,0,130,0.006487
742,0,130,0.005881
751,0,130,0.00527
759,0,130,0.004654
768,0,130,0.004038
776,0,130,0.003433
785,0,130,0.002848
793,0,130,0.002174
802,0,130,0.000996
810,0,130,0.000143
0,0,121,0.074788
9,0,121,0.062434
17,0,121,0.072499
26,0,121,0.086031
35,0,121,0.099267
43,0,121,0.110339
52,0,121,0.118746
60,0,121,0.124557
69,0,121,0.128007
78,0,121,0.129632
86,0,121,0.129425
95,0,121,0.127801
104,0,121,0.125495
112,0,121,0.12253
121,0,121,0.119102
130,0,121,0.115331
138,0,121,0.111339
147,0,121,0.107218
156,0,121,0.103031
164,0,121,0.098835
173,0,121,0.094687
181,0,121,0.090633
190,0,121,0.08671
199,0,121,0.082949
207,0,121,0.07938
216,0,121,0.076015
225,0,121,0.07286
233,0,121,0.069938
242,0,121,0.067264
251,0,121,0.064835
259,0,121,0.062647
268,0,121,0.060691
277,0,121,0.05896
285,0,121,0.057435
294,0,121,0.056094
302,0,121,0.054914
311,0,121,0.05387
320,0,121,0.052936
328,0,121,0.05208
337,0,121,0.051271
346,0,121,0.050483
354,0,121,0.049698
363,0,121,0.048899
372,0,121,0.048073
380,0,121,0.04721
389,0,121,0.046303
397,0,121,0.045349
406,0,121,0.044348
415,0,121,0.043299
423,0,121,0.042207
432,0,121,0.041074
441,0,121,0.039907
449,0,121,0.038712
458,0,121,0.037491
467,0,121,0.03625
475,0,121,0.034994
484,0,121,0.033729
493,0,121,0.032462
501,0,121,0.031196
510,0,121,0.02994
518,0,121,0.028693
527,0,121,0.02746
536,0,121,0.026246
544,0,121,0.025055
553,0,121,0.023891
562,0,121,0.022755
570,0,121,0.021648
579,0,121,0.020572
588,0,121,0.019528
596,0,121,0.018518
605,0,121,0.017542
614,0,121,0.016601
622,0,121,0.015696
631,0,121,0.014826
639,0,121,0.01399
648,0,121,0.013188
657,0,121,0.012419
665,0,121,0.011678
674,0,121,0.010966
683,0,121,0.01028
691,0,121,0.009617
700,0,121,0.008974
709,0,121,0.008349
717,0,121,0.007737
726,0,121,0.007131
735,0,121,0.00653
743,0,121,0.005929
752,0,121,0.005324
760,0,121,0.004714
769,0,121,0.004098
778,0,121,0.003481
786,0,121,0.002871
795,0,121,0.00226
804,0,121,0.001553
812,0,121,0.000603
821,0,121,0.000043
0,0,112,0.074836
9,0,112,0.062578
18,0,112,0.072874
26,0,112,0.086562
35,0,112,0.099876
44,0,112,0.110963
53,0,112,0.119301
61,0,112,0.124966
70,0,112,0.128264
79,0,112,0.129736
88,0,112,0.12934
96,0,112,0.127556
105,0,112,0.125117
114,0,112,0.122034
123,0,112,0.1185
131,0,112,0.114632
140,0,112,0.110558
149,0,112,0.106363
158,0,112,0.102111
166,0,112,0.097863
175,0,112,0.093677
184,0,112,0.089596
193,0,112,0.085659
201,0,112,0.081898
210,0,112,0.078338
219,0,112,0.074987
228,0,112,0.071857
236,0,112,0.068972
245,0,112,0.066344
254,0,112,0.063965
263,0,112,0.06183
271,0,112,0.05993
280,0,112,0.058253
289,0,112,0.056779
298,0,112,0.055484
306,0,112,0.054342
315,0,112,0.053328
324,0,112,0.052412
333,0,112,0.051559
341,0,112,0.050742
350,0,112,0.049937
359,0,112,0.049126
368,0,112,0.048294
376,0,112,0.04743
385,0,112,0.046525
394,0,112,0.045575
403,0,112,0.044578
411,0,112,0.043536
420,0,112,0.042449
429,0,112,0.041321
438,0,112,0.040158
446,0,112,0.038966
455,0,112,0.037749
464,0,112,0.036511
473,0,112,0.035257
481,0,112,0.033994
490,0,112,0.032727
499,0,112,0.03146
508,0,112,0.030202
516,0,112,0.028952
525,0,112,0.027716
534,0,112,0.026497
543,0,112,0.0253
551,0,112,0.024129
560,0,112,0.022984
569,0,112,0.021868
578,0,112,0.020783
587,0,112,0.019728
595,0,112,0.018707
604,0,112,0.017721
613,0,112,0.016768
622,0,112,0.015851
630,0,112,0.014969
639,0,112,0.014122
648,0,112,0.013308
657,0,112,0.012526
665,0,112,0.011775
674,0,112,0.011051
683,0,112,0.010354
692,0,112,0.009681
700,0,112,0.00903
709,0,112,0.008398
718,0,112,0.00778
727,0,112,0.007172
735,0,112,0.006569
744,0,112,0.005969
753,0,112,0.005367
762,0,112,0.004761
770,0,112,0.004149
779,0,112,0.00353
788,0,112,0.002909
797,0,112,0.002291
805,0,112,0.001656
814,0,112,0.000955
823,0,112,0.000225
832,0,112,-0.000068
0,0,102,0.074884
9,0,102,0.062725
18,0,102,0.073251
27,0,102,0.087095
35,0,102,0.100483
44,0,102,0.111575
53,0,102,0.119835
62,0,102,0.125351
71,0,102,0.128497
80,0,102,0.12981
89,0,102,0.129216
98,0,102,0.127275
106,0,102,0.124723
115,0,102,0.121531
124,0,102,0.117891
133,0,102,0.113925
142,0,102,0.109768
151,0,102,0.105499
160,0,102,0.101185
168,0,102,0.09689
177,0,102,0.092669
186,0,102,0.088567
195,0,102,0.084621
204,0,102,0.080864
213,0,102,0.077316
222,0,102,0.073983
231,0,102,0.070883
239,0,102,0.06804
248,0,102,0.065459
257,0,102,0.063131
266,0,102,0.06105
275,0,102,0.059205
284,0,102,0.057581
293,0,102,0.056155
301,0,102,0.054901
310,0,102,0.053793
319,0,102,0.052803
328,0,102,0.051897
337,0,102,0.051042
346,0,102,0.050212
355,0,102,0.049385
364,0,102,0.048545
372,0,102,0.047677
381,0,102,0.046772
390,0,102,0.045825
399,0,102,0.044833
408,0,102,0.043795
417,0,102,0.042713
426,0,102,0.04159
434,0,102,0.04043
443,0,102,0.039241
452,0,102,0.038027
461,0,102,0.036792
470,0,102,0.03554
479,0,102,0.034278
488,0,102,0.033012
497,0,102,0.031746
505,0,102,0.030486
514,0,102,0.029234
523,0,102,0.027995
532,0,102,0.026772
541,0,102,0.02557
550,0,102,0.024391
559,0,102,0.023239
567,0,102,0.022114
576,0,102,0.02102
585,0,102,0.019956
594,0,102,0.018924
603,0,102,0.017926
612,0,102,0.016962
621,0,102,0.016032
630,0,102,0.015137
638,0,102,0.014277
647,0,102,0.01345
656,0,102,0.012655
665,0,102,0.01189
674,0,102,0.011154
683,0,102,0.010445
692,0,102,0.00976
700,0,102,0.009098
709,0,102,0.008456
718,0,102,0.007829
727,0,102,0.007215
736,0,102,0.006608
745,0,102,0.006005
754,0,102,0.005403
763,0,102,0.004799
771,0,102,0.004189
780,0,102,0.003572
789,0,102,0.002949
798,0,102,0.002321
807,0,102,0.001692
816,0,102,0.001041
825,0,102,0.000372
833,0,102,-0.000163
842,0,102,-0.000186
0,0,93,0.074933
9,0,93,0.062876
18,0,93,0.073631
27,0,93,0.087628
36,0,93,0.101086
45,0,93,0.112171
54,0,93,0.120348
63,0,93,0.12572
72,0,93,0.12873
81,0,93,0.12985
90,0,93,0.129028
99,0,93,0.126975
108,0,93,0.124327
117,0,93,0.12102
126,0,93,0.117271
135,0,93,0.113206
144,0,93,0.108966
153,0,93,0.104625
162,0,93,0.100253
171,0,93,0.095915
180,0,93,0.091666
189,0,93,0.087546
198,0,93,0.083597
207,0,93,0.079848
215,0,93,0.076314
224,0,93,0.073002
233,0,93,0.069937
242,0,93,0.06714
251,0,93,0.064607
260,0,93,0.062331
269,0,93,0.060305
278,0,93,0.058514
287,0,93,0.056941
296,0,93,0.05556
305,0,93,0.054343
314,0,93,0.053265
323,0,93,0.052293
332,0,93,0.05139
341,0,93,0.050527
350,0,93,0.049679
359,0,93,0.048827
368,0,93,0.047953
377,0,93,0.047048
386,0,93,0.046102
395,0,93,0.045113
404,0,93,0.04408
413,0,93,0.043003
422,0,93,0.041884
431,0,93,0.040727
440,0,93,0.03954
449,0,93,0.038329
458,0,93,0.037096
467,0,93,0.035846
476,0,93,0.034585
485,0,93,0.033319
494,0,93,0.032053
503,0,93,0.030792
512,0,93,0.029538
521,0,93,0.028296
530,0,93,0.02707
539,0,93,0.025862
548,0,93,0.024678
557,0,93,0.023518
566,0,93,0.022386
575,0,93,0.021282
584,0,93,0.020208
593,0,93,0.019166
602,0,93,0.018156
611,0,93,0.017179
620,0,93,0.016237
629,0,93,0.015328
638,0,93,0.014454
646,0,93,0.013613
655,0,93,0.012804
664,0,93,0.012025
673,0,93,0.011275
682,0,93,0.010551
691,0,93,0.009853
700,0,93,0.009177
709,0,93,0.008523
718,0,93,0.007886
727,0,93,0.007262
736,0,93,0.006648
745,0,93,0.006039
754,0,93,0.005434
763,0,93,0.004829
772,0,93,0.00422
781,0,93,0.003605
790,0,93,0.002982
799,0,93,0.002352
808,0,93,0.001717
817,0,93,0.001077
826,0,93,0.000422
835,0,93,-0.000222
844,0,93,-0.000559
853,0,93,-0.000305
0,0,84,0.074983
9,0,84,0.063031
18,0,84,0.074013
27,0,84,0.088159
36,0,84,0.101682
45,0,84,0.112754
55,0,84,0.120844
64,0,84,0.126076
73,0,84,0.128966
82,0,84,0.129853
91,0,84,0.12879
100,0,84,0.126663
109,0,84,0.123925
118,0,84,0.120494
127,0,84,0.116633
136,0,84,0.112473
145,0,84,0.108152
155,0,84,0.103744
164,0,84,0.099318
173,0,84,0.094941
182,0,84,0.090666
191,0,84,0.086535
200,0,84,0.082587
209,0,84,0.078849
218,0,84,0.075331
227,0,84,0.072044
236,0,84,0.069018
245,0,84,0.066269
255,0,84,0.063786
264,0,84,0.061564
273,0,84,0.059592
282,0,84,0.057855
291,0,84,0.056331
300,0,84,0.054991
309,0,84,0.053809
318,0,84,0.052755
327,0,84,0.051794
336,0,84,0.050888
345,0,84,0.050012
355,0,84,0.049143
364,0,84,0.048261
373,0,84,0.047353
382,0,84,0.046408
391,0,84,0.045422
400,0,84,0.044392
409,0,84,0.04332
418,0,84,0.042205
427,0,84,0.041051
436,0,84,0.039865
445,0,84,0.038656
455,0,84,0.037424
464,0,84,0.036176
473,0,84,0.034916
482,0,84,0.033649
491,0,84,0.032383
500,0,84,0.031119
509,0,84,0.029864
518,0,84,0.028619
527,0,84,0.027389
536,0,84,0.026177
546,0,84,0.024987
555,0,84,0.023821
564,0,84,0.02268
573,0,84,0.021567
582,0,84,0.020483
591,0,84,0.01943
600,0,84,0.018409
609,0,84,0.01742
618,0,84,0.016463
627,0,84,0.015541
636,0,84,0.014652
646,0,84,0.013796
655,0,84,0.012972
664,0,84,0.012177
673,0,84,0.011412
682,0,84,0.010673
691,0,84,0.00996
700,0,84,0.00927
709,0,84,0.008602
718,0,84,0.007952
727,0,84,0.007317
736,0,84,0.006693
746,0,84,0.006076
755,0,84,0.005465
764,0,84,0.004856
773,0,84,0.004245
782,0,84,0.00363
791,0,84,0.003009
800,0,84,0.00238
809,0,84,0.001743
818,0,84,0.0011
827,0,84,0.000451
836,0,84,-0.000207
846,0,84,-0.000826
855,0,84,-0.000954
864,0,84,-0.000423
0,0,74,0.075037
9,0,74,0.06319
18,0,74,0.074397
28,0,74,0.088681
37,0,74,0.102262
46,0,74,0.113325
55,0,74,0.121327
64,0,74,0.126416
74,0,74,0.129175
83,0,74,0.129829
92,0,74,0.128559
101,0,74,0.126361
110,0,74,0.123498
120,0,74,0.119942
129,0,74,0.115974
138,0,74,0.111726
147,0,74,0.107327
156,0,74,0.102855
166,0,74,0.09838
175,0,74,0.093968
184,0,74,0.089672
193,0,74,0.085533
202,0,74,0.081591
212,0,74,0.077865
221,0,74,0.074366
230,0,74,0.07111
239,0,74,0.068127
249,0,74,0.065426
258,0,74,0.062996
267,0,74,0.060828
276,0,74,0.058911
285,0,74,0.057226
295,0,74,0.055748
304,0,74,0.054447
313,0,74,0.053295
322,0,74,0.052261
331,0,74,0.051304
341,0,74,0.05039
350,0,74,0.049498
359,0,74,0.048604
368,0,74,0.04769
377,0,74,0.046745
387,0,74,0.045761
396,0,74,0.044734
405,0,74,0.043665
414,0,74,0.042554
423,0,74,0.041404
433,0,74,0.04022
442,0,74,0.03901
451,0,74,0.03778
460,0,74,0.036532
469,0,74,0.035272
479,0,74,0.034005
488,0,74,0.032736
497,0,74,0.031471
506,0,74,0.030212
515,0,74,0.028965
525,0,74,0.027731
534,0,74,0.026514
543,0,74,0.025318
552,0,74,0.024145
561,0,74,0.022997
571,0,74,0.021875
580,0,74,0.020781
589,0,74,0.019717
598,0,74,0.018683
607,0,74,0.017681
617,0,74,0.016711
626,0,74,0.015773
635,0,74,0.014869
644,0,74,0.013997
654,0,74,0.013157
663,0,74,0.012347
672,0,74,0.011565
681,0,74,0.01081
690,0,74,0.010081
700,0,74,0.009375
709,0,74,0.008692
718,0,74,0.008028
727,0,74,0.00738
736,0,74,0.006744
746,0,74,0.006118
755,0,74,0.005499
764,0,74,0.004883
773,0,74,0.004269
782,0,74,0.003652
792,0,74,0.003031
801,0,74,0.002402
810,0,74,0.001766
819,0,74,0.001122
828,0,74,0.000471
838,0,74,-0.000186
847,0,74,-0.00085
856,0,74,-0.001429
865,0,74,-0.001343
874,0,74,-0.000543
0,0,65,0.075098
9,0,65,0.063355
19,0,65,0.074784
28,0,65,0.089197
37,0,65,0.102822
47,0,65,0.113882
56,0,65,0.1218
65,0,65,0.126737
75,0,65,0.129344
84,0,65,0.129779
93,0,65,0.128363
102,0,65,0.126066
112,0,65,0.123039
121,0,65,0.119365
130,0,65,0.115294
140,0,65,0.110965
149,0,65,0.106493
158,0,65,0.10196
168,0,65,0.09744
177,0,65,0.092997
186,0,65,0.088682
196,0,65,0.084541
205,0,65,0.080608
214,0,65,0.076896
224,0,65,0.073419
233,0,65,0.070198
242,0,65,0.067262
252,0,65,0.064611
261,0,65,0.062235
270,0,65,0.060122
280,0,65,0.058259
289,0,65,0.056625
298,0,65,0.05519
307,0,65,0.053925
317,0,65,0.0528
326,0,65,0.051779
335,0,65,0.050821
345,0,65,0.049896
354,0,65,0.048983
363,0,65,0.048062
373,0,65,0.047114
382,0,65,0.046131
391,0,65,0.045108
401,0,65,0.044043
410,0,65,0.042936
419,0,65,0.041789
429,0,65,0.040606
438,0,65,0.039396
447,0,65,0.038166
457,0,65,0.036918
466,0,65,0.035656
475,0,65,0.034387
484,0,65,0.033115
494,0,65,0.031847
503,0,65,0.030585
512,0,65,0.029333
522,0,65,0.028095
531,0,65,0.026873
540,0,65,0.02567
550,0,65,0.02449
559,0,65,0.023334
568,0,65,0.022203
578,0,65,0.021098
587,0,65,0.020023
596,0,65,0.018976
606,0,65,0.017961
615,0,65,0.016977
624,0,65,0.016024
634,0,65,0.015104
643,0,65,0.014215
652,0,65,0.013359
662,0,65,0.012531
671,0,65,0.011732
680,0,65,0.010961
689,0,65,0.010215
699,0,65,0.009493
708,0,65,0.008794
717,0,65,0.008115
727,0,65,0.007453
736,0,65,0.006804
745,0,65,0.006167
755,0,65,0.005538
764,0,65,0.004914
773,0,65,0.004294
783,0,65,0.003674
792,0,65,0.00305
801,0,65,0.002422
811,0,65,0.001786
820,0,65,0.001143
829,0,65,0.000491
839,0,65,-0.000167
848,0,65,-0.000831
857,0,65,-0.001498
866,0,65,-0.002031
876,0,65,-0.001728
885,0,65,-0.000657
0,0,56,0.075166
9,0,56,0.063526
19,0,56,0.075174
28,0,56,0.08971
38,0,56,0.103367
47,0,56,0.114422
57,0,56,0.122258
66,0,56,0.127038
75,0,56,0.12948
85,0,56,0.129721
94,0,56,0.128176
104,0,56,0.125754
113,0,56,0.122557
123,0,56,0.118769
132,0,56,0.114599
141,0,56,0.110191
151,0,56,0.10565
160,0,56,0.10106
170,0,56,0.096498
179,0,56,0.092028
189,0,56,0.0877
198,0,56,0.08356
207,0,56,0.079636
217,0,56,0.075942
226,0,56,0.07249
236,0,56,0.069308
245,0,56,0.066421
255,0,56,0.063823
264,0,56,0.061501
273,0,56,0.059444
283,0,56,0.057635
292,0,56,0.056049
302,0,56,0.054656
311,0,56,0.053424
321,0,56,0.052322
330,0,56,0.051308
339,0,56,0.050344
349,0,56,0.049405
358,0,56,0.048469
368,0,56,0.047517
377,0,56,0.046535
387,0,56,0.045515
396,0,56,0.044453
405,0,56,0.04335
415,0,56,0.042207
424,0,56,0.041026
434,0,56,0.039816
443,0,56,0.038584
453,0,56,0.037335
462,0,56,0.036071
471,0,56,0.034798
481,0,56,0.033523
490,0,56,0.03225
500,0,56,0.030984
509,0,56,0.029727
519,0,56,0.028482
528,0,56,0.027254
537,0,56,0.026044
547,0,56,0.024855
556,0,56,0.02369
566,0,56,0.02255
575,0,56,0.021435
585,0,56,0.020347
594,0,56,0.019288
603,0,56,0.018259
613,0,56,0.01726
622,0,56,0.016291
632,0,56,0.015355
641,0,56,0.014449
651,0,56,0.013575
660,0,56,0.01273
669,0,56,0.011914
679,0,56,0.011125
688,0,56,0.010362
698,0,56,0.009623
707,0,56,0.008907
717,0,56,0.008213
726,0,56,0.007536
736,0,56,0.006874
745,0,56,0.006224
754,0,56,0.005584
764,0,56,0.004952
773,0,56,0.004324
783,0,56,0.003698
792,0,56,0.003071
802,0,56,0.002441
811,0,56,0.001805
820,0,56,0.001162
830,0,56,0.000512
839,0,56,-0.000148
849,0,56,-0.000813
858,0,56,-0.001483
868,0,56,-0.002153
877,0,56,-0.002636
886,0,56,-0.002108
896,0,56,-0.00077
0,0,47,0.07524
10,0,47,0.063702
19,0,47,0.07556
29,0,47,0.090216
38,0,47,0.103906
48,0,47,0.11495
57,0,47,0.122698
67,0,47,0.127318
76,0,47,0.129592
86,0,47,0.12966
95,0,47,0.127981
105,0,47,0.125415
115,0,47,0.122059
124,0,47,0.118157
134,0,47,0.11389
143,0,47,0.109405
153,0,47,0.104799
162,0,47,0.100157
172,0,47,0.095557
181,0,47,0.091062
191,0,47,0.086726
200,0,47,0.08259
210,0,47,0.078677
219,0,47,0.075002
229,0,47,0.071579
239,0,47,0.06844
248,0,47,0.065604
258,0,47,0.063059
267,0,47,0.060793
277,0,47,0.058793
286,0,47,0.057037
296,0,47,0.055498
305,0,47,0.054143
315,0,47,0.052942
324,0,47,0.051857
334,0,47,0.050846
344,0,47,0.049874
353,0,47,0.048917
363,0,47,0.047956
372,0,47,0.046973
382,0,47,0.045955
391,0,47,0.044898
401,0,47,0.043799
410,0,47,0.04266
420,0,47,0.041482
429,0,47,0.040272
439,0,47,0.039038
448,0,47,0.037786
458,0,47,0.03652
468,0,47,0.035243
477,0,47,0.033962
487,0,47,0.032683
496,0,47,0.03141
506,0,47,0.030146
515,0,47,0.028894
525,0,47,0.027658
534,0,47,0.026439
544,0,47,0.025241
553,0,47,0.024066
563,0,47,0.022915
573,0,47,0.021789
582,0,47,0.020688
592,0,47,0.019616
601,0,47,0.018572
611,0,47,0.017558
620,0,47,0.016574
630,0,47,0.01562
639,0,47,0.014697
649,0,47,0.013805
658,0,47,0.012942
668,0,47,0.012109
677,0,47,0.011302
687,0,47,0.010521
697,0,47,0.009765
706,0,47,0.009033
716,0,47,0.008322
725,0,47,0.007631
735,0,47,0.006954
744,0,47,0.006292
754,0,47,0.00564
763,0,47,0.004998
773,0,47,0.004361
782,0,47,0.003729
792,0,47,0.003097
802,0,47,0.002463
811,0,47,0.001826
821,0,47,0.001183
830,0,47,0.000533
840,0,47,-0.000126
849,0,47,-0.000793
859,0,47,-0.001467
868,0,47,-0.002143
878,0,47,-0.002817
887,0,47,-0.003252
897,0,47,-0.002503
907,0,47,-0.000882
0,0,37,0.075318
10,0,37,0.063883
19,0,37,0.075938
29,0,37,0.090709
39,0,37,0.104444
48,0,37,0.115471
58,0,37,0.123118
68,0,37,0.127577
77,0,37,0.129686
87,0,37,0.129595
97,0,37,0.12777
106,0,37,0.125051
116,0,37,0.121546
126,0,37,0.117531
135,0,37,0.113171
145,0,37,0.10861
154,0,37,0.103941
164,0,37,0.099251
174,0,37,0.094617
183,0,37,0.090101
193,0,37,0.085759
203,0,37,0.081629
212,0,37,0.077729
222,0,37,0.074075
232,0,37,0.070685
241,0,37,0.067592
251,0,37,0.064809
261,0,37,0.06232
270,0,37,0.060111
280,0,37,0.058167
290,0,37,0.056463
299,0,37,0.054969
309,0,37,0.053652
319,0,37,0.052478
328,0,37,0.051406
338,0,37,0.050393
348,0,37,0.04941
357,0,37,0.048434
367,0,37,0.047445
377,0,37,0.04643
386,0,37,0.045377
396,0,37,0.044283
406,0,37,0.043149
415,0,37,0.041975
425,0,37,0.040766
434,0,37,0.03953
444,0,37,0.038276
454,0,37,0.037005
463,0,37,0.035723
473,0,37,0.034435
483,0,37,0.033148
492,0,37,0.031866
502,0,37,0.030594
512,0,37,0.029332
521,0,37,0.028086
531,0,37,0.026858
541,0,37,0.025648
550,0,37,0.024461
560,0,37,0.023298
570,0,37,0.02216
579,0,37,0.021046
589,0,37,0.01996
599,0,37,0.018901
608,0,37,0.017871
618,0,37,0.01687
628,0,37,0.015898
637,0,37,0.014958
647,0,37,0.014047
657,0,37,0.013166
666,0,37,0.012315
676,0,37,0.01149
685,0,37,0.010692
695,0,37,0.009918
705,0,37,0.00917
714,0,37,0.008444
724,0,37,0.007737
734,0,37,0.007047
743,0,37,0.006371
753,0,37,0.005707
763,0,37,0.005054
772,0,37,0.004408
782,0,37,0.003767
792,0,37,0.00313
801,0,37,0.002492
811,0,37,0.001851
821,0,37,0.001207
830,0,37,0.000556
840,0,37,-0.000102
850,0,37,-0.000769
859,0,37,-0.001445
869,0,37,-0.002128
879,0,37,-0.002812
888,0,37,-0.003491
898,0,37,-0.003882
908,0,37,-0.002898
917,0,37,-0.001009
0,0,28,0.075399
10,0,28,0.064064
20,0,28,0.076304
29,0,28,0.09119
39,0,28,0.104985
49,0,28,0.115989
59,0,28,0.12352
68,0,28,0.127816
78,0,28,0.129766
88,0,28,0.12952
98,0,28,0.127538
107,0,28,0.124661
117,0,28,0.121017
127,0,28,0.116893
137,0,28,0.112441
147,0,28,0.107807
156,0,28,0.103079
166,0,28,0.098343
176,0,28,0.093677
186,0,28,0.089143
195,0,28,0.084799
205,0,28,0.080677
215,0,28,0.076791
225,0,28,0.073161
234,0,28,0.069808
244,0,28,0.066765
254,0,28,0.064037
264,0,28,0.061604
273,0,28,0.059454
283,0,28,0.057566
293,0,28,0.055913
303,0,28,0.054463
313,0,28,0.05318
322,0,28,0.05203
332,0,28,0.050966
342,0,28,0.049949
352,0,28,0.048953
361,0,28,0.047956
371,0,28,0.046939
381,0,28,0.045891
391,0,28,0.044804
400,0,28,0.043675
410,0,28,0.042506
420,0,28,0.0413
430,0,28,0.040063
440,0,28,0.038804
449,0,28,0.037529
459,0,28,0.036241
469,0,28,0.034945
479,0,28,0.033649
488,0,28,0.032357
498,0,28,0.031073
508,0,28,0.0298
518,0,28,0.028542
527,0,28,0.027301
537,0,28,0.026079
547,0,28,0.024878
557,0,28,0.023701
567,0,28,0.022548
576,0,28,0.02142
586,0,28,0.020318
596,0,28,0.019243
606,0,28,0.018197
615,0,28,0.017178
625,0,28,0.016189
635,0,28,0.01523
645,0,28,0.014301
654,0,28,0.013402
664,0,28,0.012532
674,0,28,0.011689
684,0,28,0.010874
693,0,28,0.010084
703,0,28,0.009318
713,0,28,0.008576
723,0,28,0.007855
733,0,28,0.007151
742,0,28,0.006462
752,0,28,0.005786
762,0,28,0.005122
772,0,28,0.004466
781,0,28,0.003817
791,0,28,0.003172
801,0,28,0.002528
811,0,28,0.001884
820,0,28,0.001237
830,0,28,0.000584
840,0,28,-0.000076
850,0,28,-0.000743
860,0,28,-0.00142
869,0,28,-0.002107
879,0,28,-0.0028
889,0,28,-0.003495
899,0,28,-0.004179
908,0,28,-0.004554
918,0,28,-0.003385
928,0,28,-0.001093
0,0,19,0.075478
10,0,19,0.06424
20,0,19,0.076651
30,0,19,0.09166
40,0,19,0.105537
49,0,19,0.116508
59,0,19,0.1239
69,0,19,0.128036
79,0,19,0.129834
89,0,19,0.129428
99,0,19,0.127279
109,0,19,0.124249
119,0,19,0.120473
128,0,19,0.116242
138,0,19,0.111704
148,0,19,0.106998
158,0,19,0.102213
168,0,19,0.097433
178,0,19,0.092737
188,0,19,0.088191
198,0,19,0.083846
207,0,19,0.079732
217,0,19,0.075864
227,0,19,0.072259
237,0,19,0.068947
247,0,19,0.065958
257,0,19,0.063286
267,0,19,0.060912
277,0,19,0.05882
287,0,19,0.056988
296,0,19,0.055386
306,0,19,0.053977
316,0,19,0.052728
326,0,19,0.051597
336,0,19,0.050538
346,0,19,0.049516
356,0,19,0.048505
366,0,19,0.047485
375,0,19,0.04644
385,0,19,0.045359
395,0,19,0.044237
405,0,19,0.043075
415,0,19,0.041873
425,0,19,0.040637
435,0,19,0.039375
445,0,19,0.038095
454,0,19,0.0368
464,0,19,0.035496
474,0,19,0.034188
484,0,19,0.032884
494,0,19,0.031587
504,0,19,0.0303
514,0,19,0.029027
524,0,19,0.027771
534,0,19,0.026534
543,0,19,0.025317
553,0,19,0.024124
563,0,19,0.022955
573,0,19,0.021811
583,0,19,0.020692
593,0,19,0.0196
603,0,19,0.018535
613,0,19,0.017499
622,0,19,0.016491
632,0,19,0.015513
642,0,19,0.014565
652,0,19,0.013647
662,0,19,0.012759
672,0,19,0.011899
682,0,19,0.011066
692,0,19,0.010259
701,0,19,0.009477
711,0,19,0.00872
721,0,19,0.007984
731,0,19,0.007267
741,0,19,0.006565
751,0,19,0.005877
761,0,19,0.005202
771,0,19,0.004537
781,0,19,0.003879
790,0,19,0.003226
800,0,19,0.002576
810,0,19,0.001925
820,0,19,0.001274
830,0,19,0.000618
840,0,19,-0.000044
850,0,19,-0.000714
860,0,19,-0.001393
869,0,19,-0.002083
879,0,19,-0.002782
889,0,19,-0.003489
899,0,19,-0.004197
909,0,19,-0.004887
919,0,19,-0.005273
929,0,19,-0.00373
939,0,19,-0.001152
0,0,9,0.075548
10,0,9,0.064401
20,0,9,0.076985
30,0,9,0.092128
40,0,9,0.106103
50,0,9,0.117027
60,0,9,0.124263
70,0,9,0.128239
80,0,9,0.129889
90,0,9,0.129311
100,0,9,0.12699
110,0,9,0.123816
120,0,9,0.119916
130,0,9,0.115582
140,0,9,0.110961
150,0,9,0.106185
160,0,9,0.101343
170,0,9,0.096522
180,0,9,0.091799
190,0,9,0.087242
200,0,9,0.082899
210,0,9,0.078794
220,0,9,0.074945
230,0,9,0.071371
240,0,9,0.068104
250,0,9,0.065171
260,0,9,0.062558
270,0,9,0.060244
280,0,9,0.058211
290,0,9,0.056434
300,0,9,0.054881
310,0,9,0.053513
320,0,9,0.052295
330,0,9,0.05118
340,0,9,0.050123
350,0,9,0.049093
360,0,9,0.048065
370,0,9,0.047022
380,0,9,0.045947
390,0,9,0.044834
400,0,9,0.04368
410,0,9,0.042484
420,0,9,0.041251
430,0,9,0.039988
440,0,9,0.038702
450,0,9,0.037401
460,0,9,0.036088
470,0,9,0.034769
480,0,9,0.033451
490,0,9,0.032138
500,0,9,0.030836
510,0,9,0.029546
520,0,9,0.028272
530,0,9,0.027018
540,0,9,0.025782
550,0,9,0.02457
560,0,9,0.023383
570,0,9,0.02222
580,0,9,0.021083
590,0,9,0.019972
600,0,9,0.018888
610,0,9,0.017833
620,0,9,0.016806
630,0,9,0.015808
640,0,9,0.014841
650,0,9,0.013904
660,0,9,0.012997
670,0,9,0.012119
680,0,9,0.011269
689,0,9,0.010446
699,0,9,0.009648
709,0,9,0.008875
719,0,9,0.008125
729,0,9,0.007395
739,0,9,0.006681
749,0,9,0.005982
759,0,9,0.005296
769,0,9,0.00462
779,0,9,0.003953
789,0,9,0.003292
799,0,9,0.002635
809,0,9,0.001979
819,0,9,0.001321
829,0,9,0.000661
839,0,9,-0.000006
849,0,9,-0.00068
859,0,9,-0.001363
869,0,9,-0.002056
879,0,9,-0.00276
889,0,9,-0.003474
899,0,9,-0.004197
909,0,9,-0.004918
919,0,9,-0.005602
929,0,9,-0.005961
939,0,9,-0.004112
949,0,9,-0.000789
0,0,0,0.075695
10,0,0,0.064502
20,0,0,0.077231
30,0,0,0.09249
40,0,0,0.106532
51,0,0,0.117411
61,0,0,0.124532
71,0,0,0.128384
81,0,0,0.129928
91,0,0,0.129189
101,0,0,0.126755
111,0,0,0.123476
121,0,0,0.119487
131,0,0,0.115078
141,0,0,0.110396
152,0,0,0.105567
162,0,0,0.100683
172,0,0,0.095831
182,0,0,0.091089
192,0,0,0.086526
202,0,0,0.082185
212,0,0,0.078089
222,0,0,0.074258
232,0,0,0.070708
243,0,0,0.06748
253,0,0,0.064591
263,0,0,0.062023
273,0,0,0.059754
283,0,0,0.057767
293,0,0,0.056032
303,0,0,0.054515
313,0,0,0.053178
323,0,0,0.051982
333,0,0,0.050876
344,0,0,0.04982
354,0,0,0.048783
364,0,0,0.047742
374,0,0,0.046681
384,0,0,0.045585
394,0,0,0.044449
404,0,0,0.043271
414,0,0,0.042052
424,0,0,0.040797
435,0,0,0.039515
445,0,0,0.038213
455,0,0,0.036898
465,0,0,0.035571
475,0,0,0.034242
485,0,0,0.032916
495,0,0,0.031598
505,0,0,0.030293
515,0,0,0.029001
525,0,0,0.027726
536,0,0,0.026472
546,0,0,0.025238
556,0,0,0.024029
566,0,0,0.022846
576,0,0,0.021687
586,0,0,0.020555
596,0,0,0.01945
606,0,0,0.018372
616,0,0,0.017323
627,0,0,0.016304
637,0,0,0.015315
647,0,0,0.014356
657,0,0,0.013428
667,0,0,0.01253
677,0,0,0.01166
687,0,0,0.010819
697,0,0,0.010003
707,0,0,0.009213
717,0,0,0.008447
728,0,0,0.007703
738,0,0,0.006977
748,0,0,0.006266
758,0,0,0.00557
768,0,0,0.004885
778,0,0,0.00421
788,0,0,0.003542
798,0,0,0.002879
808,0,0,0.002219
819,0,0,0.001558
829,0,0,0.000895
839,0,0,0.000228
849,0,0,-0.000447
859,0,0,-0.00113
869,0,0,-0.001822
879,0,0,-0.002526
889,0,0,-0.003242
899,0,0,-0.003967
909,0,0,-0.004698
920,0,0,-0.005421
930,0,0,-0.006079
940,0,0,-0.006571
950,0,0,-0.00286
960,0,0,-0.000675
